1,google.com
2,facebook.com
3,a-msedge.net
4,amazonaws.com
5,microsoft.com
6,apple.com
7,googleapis.com
8,youtube.com
9,akamai.net
10,akamaiedge.net
11,twitter.com
12,azure.com
13,instagram.com
14,gstatic.com
15,cloudflare.com
16,office.com
17,googlevideo.com
18,live.com
19,linkedin.com
20,tiktokcdn.com
21,doubleclick.net
22,akadns.net
23,googletagmanager.com
24,root-servers.net
25,fbcdn.net
26,apple-dns.net
27,amazon.com
28,microsoftonline.com
29,windowsupdate.com
30,googleusercontent.com
31,l-msedge.net
32,icloud.com
33,fastly.net
34,wikipedia.org
35,trafficmanager.net
36,bing.com
37,netflix.com
38,gtld-servers.net
39,wordpress.org
40,digicert.com
41,domaincontrol.com
42,youtu.be
43,github.com
44,mail.ru
45,t-msedge.net
46,ui.com
47,yahoo.com
48,aaplimg.com
49,pinterest.com
50,tiktokv.com
51,sharepoint.com
52,adobe.com
53,office.net
54,goo.gl
55,windows.net
56,cloudfront.net
57,nflxso.net
58,spotify.com
59,vimeo.com
60,s-msedge.net
61,google-analytics.com
62,googlesyndication.com
63,gvt2.com
64,yandex.net
65,zoom.us
66,wordpress.com
67,ring.com
68,wac-msedge.net
69,bit.ly
70,edgekey.net
71,msn.com
72,gandi.net
73,whatsapp.net
74,cdn77.org
75,office365.com
76,skype.com
77,cloudflare.net
78,whatsapp.com
79,cloudflare-dns.com
80,gvt1.com
81,bytefcdn-oversea.com
82,intuit.com
83,qq.com
84,ntp.org
85,trbcdn.net
86,blogspot.com
87,comcast.net
88,mozilla.org
89,ytimg.com
90,reddit.com
91,opera.com
92,roblox.com
93,googledomains.com
94,tiktok.com
95,att.com
96,snapchat.com
97,a2z.com
98,app-measurement.com
99,yandex.ru
100,outlook.com
101,baidu.com
102,europa.eu
103,unity3d.com
104,amazon-adsystem.com
105,nic.ru
106,dropbox.com
107,macromedia.com
108,pki.goog
109,sberdevices.ru
110,nih.gov
111,b-msedge.net
112,googleadservices.com
113,tumblr.com
114,ttlivecdn.com
115,t-mobile.com
116,gravatar.com
117,tiktokcdn-us.com
118,appsflyersdk.com
119,t.me
120,github.io
121,akamaized.net
122,health.mil
123,wa.me
124,spo-msedge.net
125,msftncsi.com
126,sentry.io
127,one.one
128,samsung.com
129,facebook-hardware.com
130,windows.com
131,webex.com
132,adnxs.com
133,criteo.com
134,cdninstagram.com
135,edgesuite.net
136,nytimes.com
137,msedge.net
138,flickr.com
139,epicgames.com
140,archive.org
141,bytefcdn-ttpeu.com
142,vk.com
143,medium.com
144,forms.gle
145,ggpht.com
146,apache.org
147,paypal.com
148,2mdn.net
149,aiv-cdn.net
150,registrar-servers.com
151,meraki.com
152,rbxcdn.com
153,omtrdc.net
154,dnsowl.com
155,forbes.com
156,mangosip.ru
157,amazonvideo.com
158,wsdvs.com
159,miit.gov.cn
160,lencr.org
161,t.co
162,soundcloud.com
163,cnn.com
164,o365filtering.com
165,casalemedia.com
166,amazon.dev
167,gmail.com
168,cloudapp.net
169,dns.google
170,ebay.com
171,e2ro.com
172,azurewebsites.net
173,netflix.net
174,applovin.com
175,w3.org
176,theguardian.com
177,azureedge.net
178,demdex.net
179,slack.com
180,cdn-apple.com
181,salesforce.com
182,adobe.io
183,xiaomi.com
184,rubiconproject.com
185,akamaihd.net
186,example.com
187,mzstatic.com
188,dual-s-msedge.net
189,taboola.com
190,bbc.co.uk
191,sciencedirect.com
192,worldfcdn2.com
193,kaspersky.com
194,abusix.zone
195,hp.com
196,nist.gov
197,shifen.com
198,creativecommons.org
199,discord.com
200,googleblog.com
201,nginx.org
202,doubleverify.com
203,bbc.com
204,salesforceliveagent.com
205,nr-data.net
206,atomile.com
207,edgecdn.ru
208,twitch.tv
209,imdb.com
210,sourceforge.net
211,cisco.com
212,elisa.fi
213,smartadserver.com
214,msftconnecttest.com
215,nginx.com
216,mit.edu
217,roku.com
218,userapi.com
219,miui.com
220,aliyuncs.com
221,rocket-cdn.com
222,ubuntu.com
223,b-cdn.net
224,jomodns.com
225,myfritz.net
226,who.int
227,scorecardresearch.com
228,arubanetworks.com
229,shopify.com
230,playstation.net
231,mtgglobals.com
232,researchgate.net
233,cedexis.net
234,appsflyer.com
235,facebook.net
236,hubspot.com
237,ampproject.org
238,amazon.co.uk
239,reg.ru
240,youtube-nocookie.com
241,wikimedia.org
242,wixsite.com
243,android.com
244,telecid.ru
245,att.net
246,launchdarkly.com
247,issuu.com
248,booking.com
249,openx.net
250,tinyurl.com
251,taobao.com
252,cdngslb.com
253,go.com
254,dnsmadeeasy.com
255,sc-gw.com
256,pubmatic.com
257,canva.com
258,cdc.gov
259,ibm.com
260,oracle.com
261,doi.org
262,weebly.com
263,dailymotion.com
264,trendmicro.com
265,comfortel.pro
266,harvard.edu
267,mcafee.com
268,reuters.com
269,grammarly.com
270,washingtonpost.com
271,3lift.com
272,linktr.ee
273,rlcdn.com
274,adsrvr.org
275,media-amazon.com
276,slideshare.net
277,dailymail.co.uk
278,espn.com
279,sharethrough.com
280,tradingview.com
281,stripe.com
282,avast.com
283,3gppnetwork.org
284,wbx2.com
285,www.gov.uk
286,safebrowsing.apple
287,force.com
288,media.net
289,app-analytics-services.com
290,googletagservices.com
291,adriver.ru
292,weibo.com
293,ksyuncdn.com
294,vungle.com
295,ttdns2.com
296,wiley.com
297,bidswitch.net
298,moatads.com
299,samsungcloud.com
300,teamviewer.com
301,alibabadns.com
302,steampowered.com
303,wildberries.ru
304,drom.ru
305,adsafeprotected.com
306,appcenter.ms
307,google.co.uk
308,bloomberg.com
309,samsungqbe.com
310,amazonalexa.com
311,netangels.ru
312,sapo.pt
313,nasa.gov
314,etsy.com
315,wsj.com
316,jsdelivr.net
317,nature.com
318,wp.com
319,cmediahub.ru
320,godaddy.com
321,un.org
322,tds.net
323,quantserve.com
324,php.net
325,crashlytics.com
326,msidentity.com
327,criteo.net
328,twimg.com
329,weather.com
330,eset.com
331,samsungcloudsolution.com
332,google.de
333,mozilla.com
334,businessinsider.com
335,unsplash.com
336,dotomi.com
337,discord.gg
338,online.net
339,azurefd.net
340,nease.net
341,elasticbeanstalk.com
342,lijit.com
343,indeed.com
344,xcal.tv
345,openai.com
346,springer.com
347,imrworldwide.com
348,quora.com
349,sc-cdn.net
350,mynetname.net
351,ea.com
352,checkpoint.com
353,adform.net
354,list-manage.com
355,mi.com
356,outbrain.com
357,liadm.com
358,tiktokv.us
359,forter.com
360,id5-sync.com
361,sohu.com
362,ibyteimg.com
363,foxnews.com
364,opendns.com
365,stanford.edu
366,branch.io
367,cnbc.com
368,gnu.org
369,stackoverflow.com
370,eventbrite.com
371,byteoversea.net
372,independent.co.uk
373,ozon.ru
374,tripadvisor.com
375,clarity.ms
376,allawnos.com
377,name-services.com
378,go-mpulse.net
379,cpanel.net
380,teads.tv
381,inner-active.mobi
382,hichina.com
383,giphy.com
384,azure-dns.com
385,scdn.co
386,globo.com
387,sophos.com
388,pandora.com
389,bamgrid.com
390,uber.com
391,dns.cn
392,aliexpress.com
393,npr.org
394,tp-link.com
395,myshopify.com
396,g.page
397,imcmdb.net
398,yahoo.co.jp
399,xboxlive.com
400,inmobi.com
401,goodreads.com
402,statista.com
403,time.com
404,naver.com
405,dell.com
406,wix.com
407,avcdn.net
408,1c.ru
409,aol.com
410,autodesk.com
411,amazon.de
412,bitrix24.ru
413,alicdn.com
414,google.com.br
415,walmart.com
416,viber.com
417,usatoday.com
418,telegraph.co.uk
419,hicloud.com
420,surveymonkey.com
421,chinamobile.com
422,digitalocean.com
423,dzeninfra.ru
424,bilibili.com
425,ngenix.net
426,addtoany.com
427,intel.com
428,blogger.com
429,pixabay.com
430,vedcdnlb.com
431,verisign.com
432,online-metrix.net
433,alibaba.com
434,kaspersky-labs.com
435,pangle.io
436,sfx.ms
437,wired.com
438,firetvcaptiveportal.com
439,herokudns.com
440,dzen.ru
441,trustpilot.com
442,gamepass.com
443,nvidia.com
444,amzn.to
445,nflximg.com
446,speedtest.net
447,hostgator.com
448,zendesk.com
449,kwai.net
450,pv-cdn.net
451,scribd.com
452,ft.com
453,rzone.de
454,ok.ru
455,ttvnw.net
456,behance.net
457,beian.gov.cn
458,debian.org
459,telegram.me
460,sentinelone.net
461,telegram.org
462,ups.com
463,mikrotik.com
464,ted.com
465,duckdns.org
466,deepintent.com
467,mayoclinic.org
468,cnet.com
469,braze.com
470,gosuslugi.ru
471,360yield.com
472,cloudflareclient.com
473,entrust.net
474,duolingo.com
475,imgsmail.ru
476,consultant.ru
477,google.com.hk
478,goskope.com
479,indiatimes.com
480,disqus.com
481,adobedtm.com
482,sorbs.net
483,expedia.com
484,rambler.ru
485,imgur.com
486,amazontrust.com
487,icloud-content.com
488,hotjar.com
489,mediatek.com
490,dnspod.net
491,telekom.de
492,mysql.com
493,rakuten.co.jp
494,google.ca
495,launchpad.net
496,buzzfeed.com
497,wal-mart.com
498,squarespace.com
499,mailchimp.com
500,deviantart.com
501,google.fr
502,amazon.co.jp
503,rackspace.net
504,x.com
505,optimizely.com
506,yahoodns.net
507,datadoghq.com
508,ca.gov
509,webmd.com
510,ys7.com
511,google.es
512,loc.gov
513,line.me
514,aboutads.info
515,atlassian.com
516,onetrust.com
517,google.co.jp
518,worldnic.com
519,timeweb.ru
520,duckduckgo.com
521,berkeley.edu
522,warnerbros.com
523,ezvizlife.com
524,cbsnews.com
525,marriott.com
526,calendly.com
527,fast.com
528,dns-parking.com
529,nypost.com
530,google.it
531,comcast.com
532,jquery.com
533,sina.com.cn
534,paloaltonetworks.com
535,xhamster.com
536,huawei.com
537,okta.com
538,yelp.com
539,163.com
540,grammarly.io
541,netease.com
542,nintendo.net
543,nstld.com
544,oup.com
545,qlivecdn.com
546,playstation.com
547,tandfonline.com
548,livejournal.com
549,steamcommunity.com
550,patreon.com
551,free.fr
552,conviva.com
553,samsungosp.com
554,herokuapp.com
555,techcrunch.com
556,shutterstock.com
557,visualstudio.com
558,cookielaw.org
559,fb.com
560,shalltry.com
561,mega.co.nz
562,ietf.org
563,amplitude.com
564,freepik.com
565,cdnbuild.net
566,myspace.com
567,yandex.com
568,byteglb.com
569,licdn.com
570,binance.com
571,cornell.edu
572,nest.com
573,ovscdns.com
574,ivi.ru
575,smaato.net
576,newrelic.com
577,merriam-webster.com
578,noaa.gov
579,nike.com
580,mozgcp.net
581,accuweather.com
582,aws.dev
583,1drv.com
584,agkn.com
585,incapdns.net
586,virtualearth.net
587,qualtrics.com
588,aliyun.com
589,ikea.com
590,uol.com.br
591,google.co.in
592,latimes.com
593,yieldmo.com
594,rt.ru
595,mts.ru
596,irs.gov
597,webrootcloudav.com
598,wattpad.com
599,theverge.com
600,mncdn.com
601,nelreports.net
602,crwdcntrl.net
603,pinimg.com
604,akam.net
605,britannica.com
606,bugsnag.com
607,typekit.net
608,fontawesome.com
609,newsweek.com
610,life360.com
611,spaceweb.pro
612,igamecj.com
613,adobe.net
614,omnitagjs.com
615,usgovcloudapi.net
616,tapad.com
617,prnewswire.com
618,rackspace.com
619,bestbuy.com
620,rspamd.com
621,impervadns.net
622,livechatinc.com
623,huffingtonpost.com
624,appspot.com
625,intercom.io
626,addthis.com
627,glance.net
628,schwab.com
629,blueapron.com
630,elpais.com
631,fandom.com
632,bidr.io
633,washington.edu
634,klaviyo.com
635,hugedomains.com
636,stackadapt.com
637,live.net
638,nflxvideo.net
639,e-msedge.net
640,ieee.org
641,galleryvalery.com
642,nbcnews.com
643,apple.news
644,maricopa.gov
645,box.com
646,ovscdns.net
647,contentsquare.net
648,w3schools.com
649,zemanta.com
650,riotgames.com
651,douyincdn.com
652,dbankcloud.com
653,google.pl
654,coinmarketcap.com
655,samsungapps.com
656,jotform.com
657,amazon.fr
658,kaspi.kz
659,fda.gov
660,yahoo.net
661,footprintdns.com
662,temu.com
663,33across.com
664,sagepub.com
665,contextweb.com
666,mediafire.com
667,bdydns.com
668,investopedia.com
669,everesttech.net
670,usda.gov
671,ecdns.net
672,thesun.co.uk
673,dbankcloud.cn
674,yimg.com
675,bluekai.com
676,attn.tv
677,themeforest.net
678,creativecdn.com
679,docker.com
680,google.com.mx
681,theatlantic.com
682,samsungacr.com
683,gumgum.com
684,udemy.com
685,my.com
686,hulu.com
687,cambridge.org
688,allaboutcookies.org
689,service.gov.uk
690,hbr.org
691,target.com
692,amazon.ca
693,rncdn7.com
694,google.com.tr
695,svc.ms
696,spotify.net
697,badoo.com
698,healthline.com
699,shein.com
700,xiaomi.net
701,bluehost.com
702,nationalgeographic.com
703,homedepot.com
704,networkadvertising.org
705,t-online.de
706,yximgs.com
707,ks-cdn.com
708,erome.com
709,rbc.ru
710,bandcamp.com
711,unesco.org
712,name.com
713,1rx.io
714,xvideos.com
715,mixpanel.com
716,lemonde.fr
717,beeline.ru
718,cdek.ru
719,redislabs.com
720,dns-shop.ru
721,rfihub.com
722,stbid.ru
723,awsglobalaccelerator.com
724,youku.com
725,people.com
726,steamstatic.com
727,w55c.net
728,bitdefender.com
729,notion.so
730,fiverr.com
731,a-mo.net
732,mailchi.mp
733,cdnhwc1.com
734,chaturbate.com
735,kickstarter.com
736,chartboost.com
737,ertelecom.ru
738,avira.com
739,usps.com
740,me.com
741,zillow.com
742,datto.com
743,pccc.com
744,amazon.es
745,sitescout.com
746,tencent-cloud.net
747,princeton.edu
748,huffpost.com
749,ign.com
750,markmonitor.com
751,cookiedatabase.org
752,tremorhub.com
753,pornhub.com
754,lenovo.com
755,onlinepbx.ru
756,pluto.tv
757,stickyadstv.com
758,swrve.com
759,instructure.com
760,upwork.com
761,netgear.com
762,heytapdl.com
763,google.cn
764,canonical.com
765,clever.com
766,apigee.net
767,turn.com
768,kargo.com
769,aniview.com
770,gandi-ns.fr
771,business.site
772,brave.com
773,iso.org
774,amazon.it
775,adjust.com
776,ttoverseaus.net
777,news.com.au
778,pbs.org
779,mgid.com
780,redhat.com
781,ssl-images-amazon.com
782,lefigaro.fr
783,xnxx.com
784,ipredictive.com
785,mirtesen.ru
786,heytapmobile.com
787,mwbsys.com
788,connatix.com
789,fedex.com
790,epa.gov
791,cloudns.net
792,bootstrapcdn.com
793,bild.de
794,service-now.com
795,typeform.com
796,hm.com
797,change.org
798,allegro.pl
799,discordapp.com
800,pendo.io
801,ebay.co.uk
802,amazon.in
803,intentiq.com
804,indexww.com
805,pubmnet.com
806,nikkei.com
807,miwifi.com
808,gitlab.com
809,whitehouse.gov
810,liftoff.io
811,browser-intake-datadoghq.com
812,rings.solutions
813,myqcloud.com
814,unrulymedia.com
815,onlyfans.com
816,bankofamerica.com
817,istockphoto.com
818,ria.ru
819,onetag-sys.com
820,zoho.com
821,phicdn.net
822,ameblo.jp
823,academia.edu
824,avito.ru
825,firebaseio.com
826,360safe.com
827,hostgator.com.br
828,shopee.com.br
829,shopee.co.id
830,360.cn
831,atu.ac.ir
832,fbsbx.com
833,oath.cloud
834,mongodb.com
835,supercell.com
836,primevideo.com
837,worldbank.org
838,immunet.com
839,bytetcdn.com
840,heylink.me
841,disneyplus.com
842,bytefcdn.com
843,githubusercontent.com
844,fb.me
845,churnzero.net
846,unpkg.com
847,statcounter.com
848,ohthree.com
849,anydesk.com
850,mob.com
851,supersonicads.com
852,flashtalking.com
853,kohls.com
854,sonobi.com
855,chartbeat.net
856,xfinity.com
857,cdnvideo.ru
858,arcgis.com
859,plesk.com
860,isnssdk.com
861,azure-devices.net
862,cloudflareinsights.com
863,dnsv1.com
864,mgts.ru
865,mozilla.net
866,state.gov
867,exelator.com
868,dns.com
869,genius.com
870,pusher.com
871,hindustantimes.com
872,daum.net
873,squareup.com
874,globalsign.com
875,atlassian.net
876,btloader.com
877,columbia.edu
878,seznam.cz
879,firefox.com
880,adrta.com
881,vmware.com
882,repubblica.it
883,wikihow.com
884,gihc.net
885,biblegateway.com
886,coingecko.com
887,tribalfusion.com
888,tbcache.com
889,umich.edu
890,ad.gt
891,lowes.com
892,economist.com
893,ya.ru
894,deloitte.com
895,discogs.com
896,adroll.com
897,fastly-edge.com
898,cdnhwc2.com
899,vkontakte.ru
900,immedia-semi.com
901,realtor.com
902,msecnd.net
903,mckinsey.com
904,rapid7.com
905,spbycdn.com
906,usnews.com
907,spotifycdn.com
908,vivoglobal.com
909,va.gov
910,yellowblue.io
911,segment.io
912,amazon.com.br
913,airbnb.com
914,springserve.com
915,hotmail.com
916,classlink.com
917,onet.pl
918,awswaf.com
919,ndtv.com
920,sharethis.com
921,norton.com
922,dreamhost.com
923,nic.do
924,spov-msedge.net
925,ebay.de
926,wp.pl
927,redd.it
928,synology.com
929,arxiv.org
930,hilton.com
931,innovid.com
932,otto.de
933,spcsdns.net
934,xerox.com
935,doubleclick.com
936,mdpi.com
937,tokopedia.com
938,corriere.it
939,plex.tv
940,businesswire.com
941,skroutz.gr
942,cbc.ca
943,akismet.com
944,llnwi.net
945,character.ai
946,pexels.com
947,chegg.com
948,elmundo.es
949,redfin.com
950,smartthings.com
951,onesignal.com
952,creditkarma.com
953,jimdo.com
954,quizlet.com
955,weforum.org
956,ancestry.com
957,samsungcloudsolution.net
958,bol.com
959,bidmachine.io
960,agoda.com
961,ip-api.com
962,2gis.com
963,aiv-delivery.net
964,redditstatic.com
965,pages.dev
966,kwai-pro.com
967,freefiremobile.com
968,ryanair.com
969,quickconnect.to
970,francetvinfo.fr
971,appier.net
972,theconversation.com
973,nubank.com.br
974,mediavine.com
975,pixiv.net
976,adobedc.net
977,adtelligent.com
978,macys.com
979,openstreetmap.org
980,tiqcdn.com
981,chess.com
982,apnews.com
983,ubnt.com
984,fortune.com
985,adgrx.com
986,asos.com
987,vkuser.net
988,psychologytoday.com
989,chartbeat.com
990,youronlinechoices.com
991,flurry.com
992,interia.pl
993,eporner.com
994,bigo.sg
995,www.gov.br
996,eepurl.com
997,nhk.or.jp
998,split.io
999,savvis.net
1000,costco.com
1001,flipkart.com
1002,pvp.net
1003,agora.io
1004,ubi.com
1005,spamhaus.org
1006,caixa.gov.br
1007,splashtop.com
1008,ioam.de
1009,spankbang.com
1010,notamedia.ru
1011,postrelease.com
1012,arlo.com
1013,ecosia.org
1014,serving-sys.com
1015,utorrent.com
1016,adsmoloco.com
1017,withgoogle.com
1018,4dex.io
1019,alidns.com
1020,ucla.edu
1021,olx.ua
1022,mobile.de
1023,pikabu.ru
1024,dribbble.com
1025,marca.com
1026,ipv4only.arpa
1027,tesla.com
1028,socdm.com
1029,dbankcloud.ru
1030,trendyol.com
1031,cloudinary.com
1032,idnes.cz
1033,n-tv.de
1034,delfi.lv
1035,mercadolibre.com.ar
1036,plos.org
1037,moneycontrol.com
1038,byteoversea.com
1039,166.com
1040,goo.ne.jp
1041,olx.com.br
1042,yale.edu
1043,xing.com
1044,dropboxapi.com
1045,samsungelectronics.com
1046,rayjump.com
1047,no-ip.com
1048,company-target.com
1049,constantcontact.com
1050,gofundme.com
1051,cox.net
1052,sportskeeda.com
1053,bitdefender.net
1054,nexusmods.com
1055,surfshark.com
1056,squarespacedns.com
1057,perfectdomain.com
1058,ilovepdf.com
1059,ameba.jp
1060,as.com
1061,mmcdn.com
1062,infobae.com
1063,lgtvsdp.com
1064,epicgames.dev
1065,screenrant.com
1066,psu.edu
1067,abc.net.au
1068,quizizz.com
1069,amazon.com.mx
1070,marketwatch.com
1071,msftauth.net
1072,gsmarena.com
1073,statuspage.io
1074,gcdn.co
1075,newyorker.com
1076,bfmtv.com
1077,ox.ac.uk
1078,goal.com
1079,rackspaceclouddb.com
1080,ouest-france.fr
1081,uci.edu
1082,tinkoff.ru
1083,tplinkcloud.com
1084,vice.com
1085,google.ru
1086,finn.no
1087,mozaws.net
1088,terra.com.br
1089,livedoor.jp
1090,biomedcentral.com
1091,datadome.co
1092,reverso.net
1093,identrust.com
1094,nu.nl
1095,auvik.com
1096,kwaipros.com
1097,clarin.com
1098,onedrive.com
1099,ctdns.cn
1100,samsungcloud.tv
1101,readthedocs.io
1102,poki.com
1103,mercadolivre.com.br
1104,namebrightdns.com
1105,getpocket.com
1106,meethue.com
1107,coupang.com
1108,curseforge.com
1109,letterboxd.com
1110,skyhigh.cloud
1111,apa.org
1112,gpcloudservice.com
1113,pitaya-clientai.com
1114,wyzecam.com
1115,code.org
1116,vivo.com
1117,wordreference.com
1118,kleinanzeigen.de
1119,fbpigeon.com
1120,zenecn.net
1121,aparat.com
1122,upenn.edu
1123,sendgrid.net
1124,docomo.ne.jp
1125,about.com
1126,discord.media
1127,dafont.com
1128,lanacion.com.ar
1129,gismeteo.ru
1130,ipify.org
1131,index.hu
1132,20minutos.es
1133,bmj.com
1134,olx.pl
1135,udn.com
1136,dyndns.org
1137,leboncoin.fr
1138,telegraaf.nl
1139,uchi.ru
1140,cqloud.com
1141,dropbox-dns.com
1142,cspserver.net
1143,ad.nl
1144,tsyndicate.com
1145,huntress.io
1146,google.nl
1147,sciencedaily.com
1148,tiktokcdn-eu.com
1149,xhcdn.com
1150,arin.net
1151,archiveofourown.org
1152,callofduty.com
1153,mashable.com
1154,ixl.com
1155,beget.com
1156,frontiersin.org
1157,linode.com
1158,dynatrace.com
1159,dmm.co.jp
1160,livescore.com
1161,alipaydns.com
1162,vg.no
1163,mgslb.com
1164,amocrm.ru
1165,mmechocaptiveportal.com
1166,flashscore.com
1167,youporn.com
1168,tabelog.com
1169,hln.be
1170,typepad.com
1171,craigslist.org
1172,mercadolibre.com.mx
1173,hurriyet.com.tr
1174,ynet.co.il
1175,jiocinema.com
1176,ovh.net
1177,pornpics.com
1178,jw.org
1179,anchor.fm
1180,vnexpress.net
1181,gazzetta.it
1182,idealista.com
1183,i18n-pglstatp.com
1184,fetlife.com
1185,cloud.com
1186,adnxs.net
1187,moicentr.ru
1188,nhentai.net
1189,rightmove.co.uk
1190,mathtag.com
1191,acesso.gov.br
1192,garmin.com
1193,joinhoney.com
1194,rule34.xxx
1195,infoseek.co.jp
1196,remove.bg
1197,cricbuzz.com
1198,capcutapi.com
1199,zhihu.com
1200,n-able.com
1201,cam.ac.uk
1202,rackcdn.com
1203,zdnet.com
1204,verizon.com
1205,faphouse.com
1206,sahibinden.com
1207,fb.watch
1208,xhamster.desi
1209,jstor.org
1210,blooket.com
1211,cookpad.com
1212,varzesh3.com
1213,mosmedzdrav.ru
1214,chip.de
1215,magazineluiza.com.br
1216,hitomi.la
1217,google.com.au
1218,nintendo.com
1219,espncricinfo.com
1220,ddns.net
1221,redtube.com
1222,beget.ru
1223,index.hr
1224,digitaloceanspaces.com
1225,substack.com
1226,vinted.fr
1227,acsechocaptiveportal.com
1228,terabox.app
1229,argos.co.uk
1230,1024tera.com
1231,expressen.se
1232,superhosting.bg
1233,amazon.com.tr
1234,ixbt.com
1235,marktplaats.nl
1236,bet365.com
1237,missav.com
1238,myhostadmin.net
1239,umn.edu
1240,lc.chat
1241,lichess.org
1242,merkur.de
1243,betano.com
1244,livedoor.com
1245,cedexis-test.com
1246,fanfiction.net
1247,xhamster42.desi
1248,coursera.org
1249,ukr.net
1250,algolia.net
1251,furaffinity.net
1252,coinbase.com
1253,cloudsink.net
1254,indiamart.com
1255,mundodeportivo.com
1256,python.org
1257,abovedomains.com
1258,sex.com
1259,ria.com
1260,sky.com
1261,digikala.com
1262,studocu.com
1263,kakaku.com
1264,milliyet.com.tr
1265,coolmathgames.com
1266,rule34video.com
1267,ebay.it
1268,oecd.org
1269,namu.wiki
1270,tabor.ru
1271,kundelik.kz
1272,wpengine.com
1273,adnxs-simple.com
1274,hepsiburada.com
1275,mbga.jp
1276,tvn24.pl
1277,strpst.com
1278,myntra.com
1279,4chan.org
1280,samsungknox.com
1281,makemytrip.com
1282,nba.com
1283,boyfriendtv.com
1284,kemono.su
1285,hotpepper.jp
1286,selcloud.ru
1287,ladepeche.fr
1288,byjus.com
1289,pewresearch.org
1290,trustarc.com
1291,sciencemag.org
1292,coomer.su
1293,hltv.org
1294,dagbladet.no
1295,jcpenney.com
1296,subito.it
1297,xnxx.health
1298,phncdn.com
1299,autotrader.co.uk
1300,avsxappcaptiveportal.com
1301,credit-agricole.fr
1302,quillbot.com
1303,lwsdns.com
1304,dcinside.com
1305,ntppool.org
1306,dlsite.com
1307,asu.edu
1308,mynet.com
1309,zalando.de
1310,dantri.com.vn
1311,granbluefantasy.jp
1312,actu.fr
1313,noodlemagazine.com
1314,dw.com
1315,youjizz.com
1316,bilibili.tv
1317,tsn.ua
1318,dhl.com
1319,jd.com
1320,science.org
1321,amazon.eg
1322,futbin.com
1323,medicalnewstoday.com
1324,spot.im
1325,starfall.com
1326,funpay.com
1327,aternos.org
1328,cdiscount.com
1329,haberler.com
1330,ui-dns.com
1331,thisvid.com
1332,fmkorea.com
1333,jusbrasil.com.br
1334,imhentai.xxx
1335,cardgames.io
1336,unifi-ai.com
1337,mat6tube.com
1338,aznude.com
1339,yts.mx
1340,riotcdn.net
1341,24h.com.vn
1342,nikkansports.com
1343,aniwave.to
1344,xhamster2.com
1345,e-hentai.org
1346,wisc.edu
1347,metropoles.com
1348,ficbook.net
1349,jut.su
1350,iporntv.net
1351,xnxx-cdn.com
1352,egnyte.com
1353,fastcompany.com
1354,hinet.net
1355,jalan.net
1356,peachavocado.com
1357,asuratoon.com
1358,nairaland.com
1359,nesine.com
1360,auone.jp
1361,twilio.com
1362,trello.com
1363,kompoz2.com
1364,s-onetag.com
1365,ixxx.com
1366,jable.tv
1367,sxyprn.com
1368,sexvid.xxx
1369,ekstrabladet.dk
1370,emag.ro
1371,vidaahub.com
1372,cnnindonesia.com
1373,cronista.com
1374,hdtube.porn
1375,18comic.vip
1376,tenki.jp
1377,xnxx.tv
1378,russianfood.com
1379,co.com
1380,ilmeteo.it
1381,3bmeteo.com
1382,vivint.ai
1383,donmai.us
1384,hollywoodbets.net
1385,oricon.co.jp
1386,ai-lawandorder.com
1387,litnet.com
1388,inps.it
1389,here.com
1390,syosetu.com
1391,shahvani.com
1392,quantummetric.com
1393,wac-dc-msedge.net
1394,iltalehti.fi
1395,liquipedia.net
1396,oreilly.com
1397,betnacional.com
1398,inven.co.kr
1399,fanpage.it
1400,exhentai.org
1401,wordwall.net
1402,ifilo.net
1403,hqporner.com
1404,amarujala.com
1405,cnbcindonesia.com
1406,action.com
1407,eltiempo.es
1408,viva.co.id
1409,zozo.jp
1410,tokyomotion.net
1411,funnyjunk.com
1412,suumo.jp
1413,xhwide4.com
1414,otomoto.pl
1415,mathplayground.com
1416,jutarnji.hr
1417,sun.com
1418,bytedns1.com
1419,elsevier.com
1420,khabaronline.ir
1421,gelbooru.com
1422,mangabuddy.com
1423,xnxx2.com
1424,justdial.com
1425,xvideos-cdn.com
1426,turkiye.gov.tr
1427,leroymerlin.fr
1428,uidai.gov.in
1429,gst.gov.in
1430,ptt.cc
1431,youm7.com
1432,kurir.rs
1433,snaptik.app
1434,protothema.gr
1435,programme-tv.net
1436,idealista.it
1437,y2mate.com
1438,nitrotype.com
1439,motherless.com
1440,imagefap.com
1441,blic.rs
1442,rat.xxx
1443,gamewith.jp
1444,ssstik.io
1445,spiegel.de
1446,keenetic.pro
1447,ruliweb.com
1448,luxuretv.com
1449,namasha.com
1450,colossusssp.com
1451,haber7.com
1452,zearn.org
1453,meetup.com
1454,geocities.com
1455,kooora.com
1456,myreadingmanga.info
1457,hanime1.me
1458,kompas.com
1459,e621.net
1460,ppomppu.co.kr
1461,aajtak.in
1462,bookmyshow.com
1463,almasryalyoum.com
1464,znanija.com
1465,getbootstrap.com
1466,togetter.com
1467,mediaexpert.pl
1468,bato.to
1469,mangago.me
1470,game8.jp
1471,sinsay.com
1472,screenconnect.com
1473,porno365.pics
1474,9animetv.to
1475,fapello.com
1476,lxtgame.com
1477,rezka.ag
1478,bt.dk
1479,caliente.mx
1480,xvideos2.com
1481,fantia.jp
1482,rakuten-sec.co.jp
1483,mega.nz
1484,fuq.com
1485,sss.gov.ph
1486,toppr.com
1487,kidsa-z.com
1488,mangakakalot.com
1489,xhamster1.desi
1490,marmiton.org
1491,pussyspace.com
1492,porn300.com
1493,goojara.to
1494,cityheaven.net
1495,joyclub.de
1496,serviporno.com
1497,filmweb.pl
1498,snapinsta.app
1499,simpcity.su
1500,trilltrill.jp
1501,aniwatchtv.to
1502,cmoa.jp
1503,librus.pl
1504,sportybet.com
1505,xxxvideo.link
1506,lausd.net
1507,spankbang.party
1508,tukif.com
1509,watchguard.com
1510,qwest.net
1511,theqoo.net
1512,fabswingers.com
1513,fc2.com
1514,visortmo.com
1515,brainly.co.id
1516,colamanga.com
1517,xvideos3.com
1518,betway.co.za
1519,supjav.com
1520,xvideos.es
1521,tencent.com
1522,xosodaiphat.com
1523,carsensor.net
1524,qorno.com
1525,hot-sex-tube.com
1526,mechacomic.jp
1527,ninisite.com
1528,arca.live
1529,doujindesu.tv
1530,topmanhua.com
1531,onlinesbi.sbi
1532,sexvid.pro
1533,ijavhd.com
1534,wnacg.com
1535,music-fa.com
1536,saednews.com
1537,xnxx3.com
1538,hibiny.ru
1539,mangalib.me
1540,beboo.ru
1541,rajwap.cc
1542,listcrawler.eu
1543,banvenez.com
1544,poop.com.co
1545,livehindustan.com
1546,yako.red
1547,upwitheaway.info
1548,netkeiba.com
1549,av19.gg
1550,epfindia.gov.in
1551,freeip.me
1552,azet.sk
1553,brainly.in
1554,fatalmodel.com
1555,alarbda.com
1556,mangaschan.net
1557,gdz.ru
1558,lermanga.org
1559,patria.org.ve
1560,thisav.com
1561,prokerala.com
1562,igodigital.com
1563,toyhou.se
1564,eenadu.net
1565,1mg.com
1566,honeywell.com
1567,croxyproxy.com
1568,readmanga.live
1569,hochi.news
1570,zbporn.tv
1571,vlxx.moe
1572,porno666.link
1573,jamfcloud.com
1574,deezer.com
1575,xhtab3.com
1576,salonboard.com
1577,komikindo.tv
1578,dyingbirds.com
1579,acronis.com
1580,illuminateed.com
1581,livescore.in
1582,imgsrc.ru
1583,typekit.com
1584,spaggiari.eu
1585,sonnenbatterie.de
1586,mangatoto.com
1587,ucweb.com
1588,skipthegames.com
1589,njuskalo.hr
1590,aws-prd.net
1591,moatpixel.com
1592,cardmarket.com
1593,tvonenews.com
1594,hentai.name
1595,blockdh100c.co
1596,bingoplus.com
1597,access-33.com
1598,battwo.com
1599,blockdh100b.net
1600,clip2vip.com
1601,manhuascan.io
1602,emaktab.uz
1603,chordtela.com
1604,xoso.com.vn
1605,truyenfull.vn
1606,kakuyomu.jp
1607,wto.to
1608,inc.com
1609,tjsp.jus.br
1610,publi24.ro
1611,humoruniv.com
1612,mamastar.jp
1613,999.md
1614,sexemodel.com
1615,yatube.net
1616,syosetu.org
1617,fextok.com
1618,list.am
1619,skokka.com
1620,dogdrip.net
1621,diretta.it
1622,happymh.com
1623,piccoma.com
1624,apornvideo.com
1625,eroterest.net
1626,xxxsexjav.com
1627,remaker.ai
1628,tjk.org
1629,akamaitechnologies.com
1630,autoplius.lt
1631,xvideos5.com
1632,conectate.com.do
1633,dan.com
1634,confirmtkt.com
1635,tubidy.cool
1636,sexindrag.com
1637,czbooks.net
1638,truyenqqvn.com
1639,onlyindianx.cc
1640,evexxx.com
1641,fabguys.com
1642,goal.co
1643,xnxxsex.net
1644,porno18.site
1645,doublelist.com
1646,manga168.com
1647,mobile-tracker-free.com
1648,zistop.com
1649,grapee.jp
1650,betika.com
1651,nz.ua
1652,anses.gob.ar
1653,flashscore.com.br
1654,kamababa.desi
1655,coco.gg
1656,82xnxx.com
1657,fsiblog3.club
1658,tribunnews.com
1659,pornhat.one
1660,xxx18hot.com
1661,550909.com
1662,inbake.com
1663,animeyuzu.com
1664,bpexch.com
1665,tmohentai.com
1666,yatv.pro
1667,yaoilib.me
1668,scan-manga.com
1669,in3x.net
1670,annunci69.it
1671,ojogodobicho.com
1672,yako.net
1673,snackvideo.in
1674,screener.in
1675,nosv.org
1676,flashscore.pl
1677,escortbabylon.net
1678,hdhindisex.com
1679,ss.com
1680,dewafilm.xyz
1681,ecnavi.jp
1682,sarkariresult.com
1683,jra.go.jp
1684,jra.jp
1685,tamilyogi.red
1686,skelbiu.lt
1687,olimpbet.kz
1688,diziwatch.net
1689,gree-apps.net
1690,girlschannel.net
1691,hivemapper.com
1692,letras.mus.br
1693,123-hd.com
1694,promiedos.com.ar
1695,tamildhool.net
1696,polovniautomobili.com
1697,exp-tas.com
1698,pmkisan.gov.in
1699,rezultati.com
1700,excite.co.jp
1701,enabiz.gov.tr
1702,avto.net
1703,escort.club
1704,flashscore.fr
1705,mlb.com
1706,wapbold.net
1707,boatrace.jp
1708,gimy.ai
1709,thscore.mobi
1710,bakusai.com
1711,oddspark.com
1712,wannonce.com
1713,bakecaincontrii.com
1714,betproexch.com
1715,animanch.com
1716,okxxx1.com
1717,xvideos53.com
1718,xxxnd.com
1719,dpboss.services
1720,hentailib.me
1721,hackerdoslot.com
1722,kkstories.com
1723,site777.jp
1724,cdn20.com
1725,shaalaa.com
1726,hkppay.com
1727,ringcentral.com
1728,xinhuanet.com
1729,dto.jp
1730,turbo.az
1731,tvguia.es
1732,satta-king-fixed-no.in
1733,yandexcloud.net
1734,staseraintv.com
1735,vegamovies.ong
1736,11xplay.pro
1737,hnext.jp
1738,satta-king-fast.com
1739,spboss.blog
1740,lotterysambadresult.in
1741,com.se
1742,ibomma.re
1743,ahindian.com
1744,zinmanga.com
1745,sattamatkano1.me
1746,g-xyz.xyz
1747,xvideosporno.blog.br
1748,ibomma.bond
1749,keralalotterytoday.com
1750,kolkataff.in
1751,onlar.az
1752,ibomma.rsvp
1753,ibomma.nexus
1754,gartner.com
1755,moviesda9.co
1756,tripod.com
1757,apnaludo.com
1758,xxxbfvideos.net
1759,nregastrep.nic.in
1760,rajshaladarpan.nic.in
1761,mindbox.ru
1762,bt.co
1763,kunluncan.com
1764,vox.com
1765,p-cdn.com
1766,dashlane.com
1767,azure.net
1768,ads-twitter.com
1769,ripn.net
1770,deepl.com
1771,nps.gov
1772,palmplaystore.com
1773,donga.com
1774,tgju.org
1775,simpli.fi
1776,capitalonegslbex.com
1777,vivo.com.cn
1778,unimelb.edu.au
1779,tvinteractive.tv
1780,recaptcha.net
1781,dondominio.com
1782,utexas.edu
1783,evernote.com
1784,kontur.ru
1785,usgovtrafficmanager.net
1786,singular.net
1787,vidoomy.com
1788,scientificamerican.com
1789,awmcdn.net
1790,battle.net
1791,bumble.com
1792,ucsd.edu
1793,vtb.ru
1794,pantip.com
1795,arstechnica.com
1796,mirror.co.uk
1797,digg.com
1798,iponweb.net
1799,tealiumiq.com
1800,sedo.com
1801,app.link
1802,truste.com
1803,secureserver.net
1804,whecloud.com
1805,jino.ru
1806,buydomains.com
1807,admin.ch
1808,sanook.com
1809,enable-javascript.com
1810,cmu.edu
1811,feedburner.com
1812,barnesandnoble.com
1813,bbb.org
1814,wiktionary.org
1815,aemet.es
1816,bitbucket.org
1817,centrastage.net
1818,logicnow.us
1819,ftc.gov
1820,dropboxusercontent.com
1821,netlify.app
1822,engadget.com
1823,sozcu.com.tr
1824,evan.im
1825,netshoes.com.br
1826,adswizz.com
1827,isappcloud.com
1828,iana.org
1829,edgecastdns.net
1830,superporn.com
1831,matterport.com
1832,easy4ipcloud.com
1833,dropcatch.com
1834,classdojo.com
1835,pornhub.org
1836,thetimes.co.uk
1837,sl.pt
1838,goguardian.com
1839,swiftkey.com
1840,symantec.com
1841,mparticle.com
1842,walkme.com
1843,asus.com
1844,photobucket.com
1845,megafon.ru
1846,peacocktv.com
1847,fedoraproject.org
1848,brainly.com.br
1849,smi2.net
1850,elegantthemes.com
1851,playfabapi.com
1852,ajio.com
1853,unotv.com
1854,cloud.microsoft
1855,fao.org
1856,happymod.com
1857,harimanga.com
1858,msauth.net
1859,apple-cloudkit.com
1860,gizmodo.com
1861,waze.com
1862,sikayetvar.com
1863,americanexpress.com
1864,xnxxcom.xyz
1865,siemens.com
1866,aka.ms
1867,dbankcdn.com
1868,shinigami.cx
1869,jhu.edu
1870,getgo.com
1871,slate.com
1872,aadrm.com
1873,parklogic.com
1874,gdemoideti.ru
1875,psiphon.news
1876,jetbrains.com
1877,hik-connect.com
1878,fitbit.com
1879,daily.co.jp
1880,ruangguru.com
1881,69shu.pro
1882,masrawy.com
1883,hianime.to
1884,figma.com
1885,an1.com
1886,www.nhs.uk
1887,thelancet.com
1888,manhwaclan.com
1889,casinoplus.com.ph
1890,52shuku.vip
1891,vietjack.com
1892,wonporn.com
1893,httpbl.org
1894,anoboy.baby
1895,liveperson.net
1896,dbankedge.cn
1897,pussyboy.net
1898,mapbox.com
1899,google.com.tw
1900,lectormanga.lat
1901,pornid.name
1902,dsp-redirect.com
1903,topdns.me
1904,canvas-user-content.com
1905,betpawa.ug
1906,themeisle.com
1907,lgtvcommon.com
1908,tuazar.com
1909,xbato.com
1910,privacymanager.io
1911,xhdepot.site
1912,scopely.io
1913,stackexchange.com
1914,alphonso.tv
1915,easebar.com
1916,eff.org
1917,guardian.co.uk
1918,timesbull.com
1919,amd.com
1920,xvideos4.com
1921,xn--l3cg7a8a0cwa3f.com
1922,ntaonline.in
1923,acs.org
1924,spaceweb.ru
1925,91club.club
1926,cricbet99.win
1927,orderbox-dns.com
1928,uchicago.edu
1929,mangatoto.org
1930,indianbfvideos.com
1931,icespay.com
1932,sattasport.in
1933,fulldesisex.com
1934,91club06.com
1935,ctmail.com
1936,madrasati.sa
1937,desitelugusex.com
1938,opera.software
1939,a-0.xyz
1940,crpt.ru
1941,brstej.com
1942,tbshop-ma.net
1943,infonline.de
1944,sexybluefilm.com
1945,betinexchange.com
1946,edgecastcdn.net
1947,isaimini.com.sb
1948,timeanddate.com
1949,politico.com
1950,jwpltx.com
1951,pfms.nic.in
1952,logitech.com
1953,sex-studentki.cash
1954,pnas.org
1955,hihonorcloud.com
1956,postgresql.org
1957,share-dns.com
1958,ed.gov
1959,xxxhindi.to
1960,tendawifi.com
1961,network-auth.com
1962,google.co.id
1963,aljazeera.com
1964,segment.com
1965,telephony.goog
1966,laroza.net
1967,rosintel.com
1968,starmakerstudios.com
1969,canada.ca
1970,hoyoverse.com
1971,ultradns.com
1972,jwplayer.com
1973,gree-pf.net
1974,si.edu
1975,alikunlun.com
1976,simontokx.online
1977,admanmedia.com
1978,olxmewah.com
1979,blizzard.com
1980,dnsdomen.com
1981,sfgate.com
1982,wunderground.com
1983,ford.com
1984,adobess.com
1985,entrepreneur.com
1986,drmgms.com
1987,ncz3u7cj2.com
1988,instacart.com
1989,letsencrypt.org
1990,newtoki331.com
1991,bokepindoh.sbs
1992,nettruyenff.com
1993,mediago.io
1994,nakheelteam.cc
1995,nettruyenee.com
1996,vegamovies.rsvp
1997,newtoki330.com
1998,webhostbox.net
1999,bollyflix.nexus
2000,nordvpn.com
2001,5movierulz.blog
2002,moviesda9.me
2003,filmyzilla.com.ng
2004,newtoki329.com
2005,luxmovies.biz
2006,xxxbfvideos.org
2007,filmyfly.pm
2008,newtoki328.com
2009,hdhub4u.pm
2010,jlpt-maja.org.mm
2011,bls.gov
2012,5movierulz.dog
2013,ibomma.rs
2014,zpath.net
2015,umbrella.com
2016,dynamics.com
2017,cdnbasket.net
2018,usgs.gov
2019,eu-1-id5-sync.com
2020,house.gov
2021,spectrum.com
2022,jamanetwork.com
2023,proofpoint.com
2024,uk.com
2025,amap.com
2026,ufl.edu
2027,delfi.lt
2028,adobelogin.com
2029,wetransfer.com
2030,tesla.services
2031,fastlylb.net
2032,bcvcdn.com
2033,techtarget.com
2034,msappproxy.net
2035,census.gov
2036,dictionary.com
2037,caravanclub.co.uk
2038,line-apps.com
2039,mookie1.com
2040,stumbleupon.com
2041,mxptint.net
2042,hbo.com
2043,xiaohongshu.com
2044,netscape.com
2045,pandasecurity.com
2046,hwcdn.ru
2047,sc-static.net
2048,oraclecloud.com
2049,ad-delivery.net
2050,cbsivideo.com
2051,adblockplus.org
2052,g.co
2053,revopush.com
2054,dhs.gov
2055,prserv.net
2056,sberbank.ru
2057,xserver.jp
2058,rocket-cdnbp.com
2059,shipt.com
2060,bttrack.com
2061,gotowebinar.com
2062,rt.com
2063,amazonaws.com.cn
2064,theiconic.com.au
2065,pubnative.net
2066,ring.net
2067,eyeota.net
2068,telegra.ph
2069,google.com.vn
2070,rkdms.com
2071,hhs.gov
2072,sportradar.com
2073,volcfcdndvs.com
2074,drift.com
2075,arizona.edu
2076,heapanalytics.com
2077,eu.org
2078,qqq-ttss.su
2079,bund.de
2080,nyu.edu
2081,garena.com
2082,sinaedge.com
2083,websitewelcome.com
2084,loopme.me
2085,aboutcookies.org
2086,justhost.ru
2087,zopim.com
2088,mimecast.com
2089,docker.io
2090,kernel.org
2091,sitemaps.org
2092,webs.com
2093,uiuc.edu
2094,usc.edu
2095,truecaller.com
2096,utoronto.ca
2097,umeng.com
2098,ucdavis.edu
2099,adp.com
2100,verkada.com
2101,army.mil
2102,mfadsrvr.com
2103,livescience.com
2104,ny.gov
2105,gda.pl
2106,hoster.kz
2107,cachefly.net
2108,samsungnyc.com
2109,toponadss.com
2110,stripchat.com
2111,google.com.ar
2112,quantcount.com
2113,protek.ru
2114,tynt.com
2115,my-force-user-content.com
2116,sectigo.com
2117,fastclick.net
2118,variety.com
2119,akamaitech.net
2120,adentifi.com
2121,adsco.re
2122,zynga.com
2123,akamai.com
2124,indiegogo.com
2125,people.com.cn
2126,express.co.uk
2127,emxdgt.com
2128,host-food.ru
2129,prezi.com
2130,unicef.org
2131,sweb.ru
2132,playrix.com
2133,cutt.ly
2134,smadex.com
2135,qz.com
2136,symcb.com
2137,klarna.net
2138,tawk.to
2139,mercadolibre.com
2140,gog.com
2141,google.com.ua
2142,moengage.com
2143,tubi.io
2144,wikia.com
2145,tenable.com
2146,ssa.gov
2147,semasio.net
2148,techradar.com
2149,iheart.com
2150,orange.fr
2151,snapkit.com
2152,citrix.com
2153,uisp.com
2154,samsungiotcloud.com
2155,parsely.com
2156,meituan.com
2157,kakao.com
2158,onenote.net
2159,yotpo.com
2160,slackb.com
2161,keplr.app
2162,itv.com
2163,klarna.com
2164,welt.de
2165,acrobat.com
2166,themoviedb.org
2167,rtcfront.net
2168,samsungconsent.com
2169,like.video
2170,gos-gsp.io
2171,apdcdn.com
2172,bizjournals.com
2173,miro.com
2174,purdue.edu
2175,heytapmobi.com
2176,shopifysvc.com
2177,zdassets.com
2178,opsgenie.com
2179,senate.gov
2180,polyfill.io
2181,aol.co.uk
2182,robinhood.com
2183,betweendigital.com
2184,khanacademy.org
2185,clevelandclinic.org
2186,rezync.com
2187,intercom.com
2188,semrush.com
2189,intermedia.net
2190,revcontent.com
2191,acuityplatform.com
2192,ubisoft.com
2193,nextmillmedia.com
2194,nel.goog
2195,earthlink.net
2196,rqtrk.eu
2197,navy.mil
2198,sec.gov
2199,brightcove.com
2200,wshareit.com
2201,chicagotribune.com
2202,eum-appdynamics.com
2203,fyber.com
2204,brightcloud.com
2205,msu.edu
2206,gshifen.com
2207,ampproject.net
2208,capcut.com
2209,bazaarvoice.com
2210,cedexis.com
2211,qcloud.com
2212,vkplay.ru
2213,trueconf.net
2214,so.com
2215,servenobid.com
2216,accenture.com
2217,bfmio.com
2218,sonos.com
2219,skyeng.ru
2220,ico.org.uk
2221,smh.com.au
2222,zeotap.com
2223,tapjoy.com
2224,tuyaeu.com
2225,globenewswire.com
2226,on.aws
2227,oculus.com
2228,vkuseraudio.net
2229,weather.gov
2230,acm.org
2231,pcmag.com
2232,rollingstone.com
2233,pwc.com
2234,workers.dev
2235,domaindiscount24.net
2236,m.me
2237,ucoz.ru
2238,xbox.com
2239,mi-img.com
2240,capitalone.com
2241,usertrust.com
2242,alipay.com
2243,wellsfargo.com
2244,rakuten.com
2245,beelinegprs.ru
2246,howstuffworks.com
2247,naver.jp
2248,kunlunsl.com
2249,unc.edu
2250,fool.com
2251,lego.com
2252,dssedge.com
2253,twitchcdn.net
2254,sendbird.com
2255,richaudience.com
2256,metro.co.uk
2257,medallia.com
2258,ssrn.com
2259,ntnt.io
2260,vidazoo.com
2261,bt.com
2262,nextdoor.com
2263,discomax.com
2264,gvt3.com
2265,adotmob.com
2266,script.ac
2267,usa.gov
2268,fullstory.com
2269,geoedge.be
2270,auctollo.com
2271,hostedrmm.com
2272,wechat.com
2273,vihub.ru
2274,pndsn.com
2275,tubi.video
2276,clarium.io
2277,linksynergy.com
2278,hotjar.io
2279,permutive.com
2280,nejm.org
2281,bbci.co.uk
2282,oppomobile.com
2283,starbucks.com
2284,duke.edu
2285,e-planning.net
2286,signal.org
2287,adition.com
2288,weborama.fr
2289,sensic.net
2290,collegeboard.org
2291,dutils.com
2292,itu.int
2293,onenote.com
2294,acoustic-adm.com
2295,tvsquared.com
2296,russianpost.ru
2297,mitre.org
2298,moodle.org
2299,edna.ru
2300,ticketmaster.com
2301,kgslb.com
2302,redditmedia.com
2303,pphosted.com
2304,minutemedia-prebid.com
2305,evidon.com
2306,onelink.me
2307,samba.tv
2308,medlineplus.gov
2309,e-volution.ai
2310,glassdoor.com
2311,umd.edu
2312,scmp.com
2313,protechts.net
2314,hcaptcha.com
2315,prmsrvs.com
2316,iubenda.com
2317,rutube.ru
2318,java.com
2319,freebsd.org
2320,cootlogix.com
2321,lge.com
2322,thehill.com
2323,armgs.team
2324,max.com
2325,permutive.app
2326,overwolf.com
2327,afternic.com
2328,cloudfunctions.net
2329,gallup.com
2330,wps.com
2331,4wps.net
2332,appboy.com
2333,ezvizru.com
2334,tucows.com
2335,cdnhwc3.com
2336,fanduel.com
2337,auth0.com
2338,icann.org
2339,ravm.tv
2340,clevertap-prod.com
2341,seedtag.com
2342,undertone.com
2343,zscaler.net
2344,delhi.gov.in
2345,today.com
2346,ams1907.com
2347,geotrust.com
2348,adkernel.com
2349,ey.com
2350,onmicrosoft.com
2351,mixcloud.com
2352,webpkgcache.com
2353,coloros.com
2354,flipboard.com
2355,sap.com
2356,progressive.com
2357,automattic.com
2358,rockstargames.com
2359,akstat.io
2360,urbanairship.com
2361,lnkd.in
2362,leiniao.com
2363,history.com
2364,doordash.com
2365,liftoff-creatives.io
2366,visa.com
2367,rbx.com
2368,roskazna.ru
2369,primis.tech
2370,ixigua.com
2371,google.ch
2372,anythinktech.com
2373,euronews.com
2374,zenlayer.net
2375,google.be
2376,emb-api.com
2377,theglobeandmail.com
2378,bitrixphone.com
2379,tplinknbu.com
2380,minecraft.net
2381,infomaniak.ch
2382,azure-dns.net
2383,litix.io
2384,glpals.com
2385,illinois.edu
2386,audrte.com
2387,cedexis-radar.net
2388,google.co.th
2389,unity.com
2390,espncdn.com
2391,ubc.ca
2392,namecheaphosting.com
2393,bounceexchange.com
2394,useinsider.com
2395,colorado.edu
2396,google.at
2397,mfms.ru
2398,tuyaus.com
2399,unmsapp.com
2400,wayfair.com
2401,hse.ru
2402,altervista.org
2403,sony.com
2404,disney.com
2405,samsungdm.com
2406,sakura.ne.jp
2407,lww.com
2408,scene7.com
2409,malwarebytes.com
2410,bigcartel.com
2411,hpe.com
2412,energy.gov
2413,newscientist.com
2414,justice.gov
2415,fwmrm.net
2416,investing.com
2417,ogury.io
2418,izatcloud.net
2419,webempresa.eu
2420,openssl.org
2421,paychex.com
2422,archives.gov
2423,qianxun.com
2424,google.com.sa
2425,nsone.net
2426,thenai.org
2427,marketingcloudapis.com
2428,dynamicyield.com
2429,ad-score.com
2430,rosminzdrav.ru
2431,im-apps.net
2432,uhc.com
2433,ddnss.de
2434,ikarem.io
2435,jagex.com
2436,kampyle.com
2437,hatena.ne.jp
2438,aptrinsic.com
2439,bing.net
2440,lastpass.com
2441,inleed.net
2442,googlezip.net
2443,onetrust.io
2444,miniclippt.com
2445,gameanalytics.com
2446,treasuredata.com
2447,preprod-gcdn.co
2448,rs6.net
2449,mos.ru
2450,tmall.com
2451,bcs.ru
2452,fotostrana.ru
2453,smithsonianmag.com
2454,odoo.com
2455,messenger.com
2456,afcdn.net
2457,evergage.com
2458,tamu.edu
2459,skyeng.link
2460,appdomain.cloud
2461,wixdns.net
2462,drupal.org
2463,snaptube.app
2464,sonicwall.com
2465,adingo.jp
2466,smilewanted.com
2467,akasripcn.net
2468,ihg.com
2469,pippio.com
2470,discovery.com
2471,sgsnssdk.com
2472,office365.us
2473,site.com
2474,strava.com
2475,narod.ru
2476,icq.com
2477,hyatt.com
2478,walgreens.com
2479,cookiebot.com
2480,llnwd.net
2481,yimg.jp
2482,hollywoodreporter.com
2483,wb.ru
2484,ap4r.com
2485,siriusxm.com
2486,google.se
2487,foursquare.com
2488,amagi.tv
2489,outbrainimg.com
2490,adidas.com
2491,pubnub.com
2492,mastercard.com
2493,sascdn.com
2494,dfaklj.tech
2495,adscale.de
2496,mobilefuse.com
2497,imageshack.us
2498,asana.com
2499,discordapp.net
2500,slashdot.org
2501,kwcdn.com
2502,libsyn.com
2503,baishan-cloud.net
2504,dot.gov
2505,sogou.com
2506,codebig2.net
2507,venturebeat.com
2508,1688.com
2509,sas.com
2510,shopeemobile.com
2511,secb2b.com
2512,microsoftpersonalcontent.com
2513,aarp.org
2514,gamespot.com
2515,jiveip.net
2516,apachefriends.org
2517,hstgr.net
2518,system-monitor.com
2519,technoratimedia.com
2520,audible.com
2521,freshchat.com
2522,ltwebstatic.com
2523,2o7.net
2524,secu100.net
2525,tdnsv5.com
2526,imf.org
2527,miitbeian.gov.cn
2528,northwestern.edu
2529,chatgpt.com
2530,al-array.com
2531,ibytedtos.com
2532,dtvce.com
2533,tidal.com
2534,kueezrtb.com
2535,code42.com
2536,nflxext.com
2537,carfax.com
2538,r7ops.com
2539,jimdofree.com
2540,hsforms.com
2541,constellix.com
2542,thoughtco.com
2543,printercloud.com
2544,sbis.ru
2545,cpi.ad.jp
2546,globalpay.com
2547,shopifycloud.com
2548,threads.net
2549,uc.cn
2550,thedailybeast.com
2551,paramountplus.com
2552,rainberrytv.com
2553,elastic.co
2554,kde.org
2555,crazyegg.com
2556,stat-rock.com
2557,axios.com
2558,microsoft.us
2559,fb-t-msedge.net
2560,applvn.com
2561,grafana.com
2562,crunchyroll.com
2563,wcdnga.com
2564,itch.io
2565,bigcommerce.com
2566,dbs.com
2567,nymag.com
2568,privacy-center.org
2569,kochava.com
2570,mcm.ru
2571,bybit.com
2572,privacyshield.gov
2573,bigolive.tv
2574,ucl.ac.uk
2575,tdnsstic1.cn
2576,kinedns.net
2577,treasury.gov
2578,pushwoosh.com
2579,hpeprint.com
2580,congress.gov
2581,podbean.com
2582,web.dev
2583,last.fm
2584,one.com
2585,lifehacker.com
2586,zijieapi.com
2587,siteimproveanalytics.io
2588,bitnami.com
2589,chinadaily.com.cn
2590,moz.com
2591,parallels.com
2592,urban-vpn.com
2593,livestream.com
2594,yammer.com
2595,dnsimple.com
2596,google.cz
2597,foodnetwork.com
2598,adsensecustomsearchads.com
2599,lenovo.com.cn
2600,fidelity.com
2601,vzwwo.com
2602,translate.goog
2603,phys.org
2604,inmobicdn.net
2605,likee.video
2606,blog.google
2607,esquire.com
2608,home-assistant.io
2609,saasprotection.com
2610,wistia.com
2611,technologyreview.com
2612,ably.io
2613,mradx.net
2614,rudderstack.com
2615,ib-ibi.com
2616,iqiyi.com
2617,cxense.com
2618,nazwa.pl
2619,tinypass.com
2620,tmz.com
2621,digitaltrends.com
2622,ipinfo.io
2623,inmotionhosting.com
2624,braze.eu
2625,google.pt
2626,imotech.tech
2627,felenasoft.com
2628,samsclub.com
2629,rfc-editor.org
2630,splunk.com
2631,web.de
2632,ibb.co
2633,ycombinator.com
2634,microsoftapp.net
2635,infojobs.net
2636,kwimgs.com
2637,verizon.net
2638,pstatp.com
2639,mycdn.me
2640,fdv2-t-msedge.net
2641,google.gr
2642,iterable.com
2643,opera-api2.com
2644,telekom.net
2645,mathworks.com
2646,thomsonreuters.com
2647,skimresources.com
2648,your-server.de
2649,presage.io
2650,soom.la
2651,amemv.com
2652,bitly.com
2653,codefi.network
2654,about.me
2655,www.gov.cn
2656,traveloka.com
2657,ezoicns.com
2658,garenanow.com
2659,citi.com
2660,wa.gov
2661,vogue.com
2662,nydailynews.com
2663,opecloud.com
2664,hh.ru
2665,a-ads.com
2666,nasdaq.com
2667,urldefense.com
2668,fortinet.com
2669,pochta.ru
2670,ztomy.com
2671,tdnsv6.com
2672,yutex.ru
2673,indianexpress.com
2674,sephora.com
2675,easybrain.com
2676,rokt.com
2677,woocommerce.com
2678,belkin.com
2679,blogspot.co.uk
2680,nokia.com
2681,serverdata.net
2682,google.ro
2683,virginia.edu
2684,serveriai.lt
2685,uspto.gov
2686,google.hu
2687,smartclip.net
2688,net-line.pro
2689,kuaishou.com
2690,sbixby.com
2691,fcc.gov
2692,zeit.de
2693,pacloudflare.com
2694,google.co.kr
2695,register.com
2696,united.com
2697,cancer.org
2698,cosmopolitan.com
2699,opera.technology
2700,iinet.net.au
2701,activtrak.net
2702,opensource.org
2703,usercentrics.eu
2704,instructables.com
2705,foxbusiness.com
2706,wsglb0.com
2707,localytics.com
2708,chron.com
2709,lenovomm.com
2710,pruffme.com
2711,xero.com
2712,digitaltarget.ru
2713,heart.org
2714,csdn.net
2715,telefonica.de
2716,semanticscholar.org
2717,toyota.com
2718,gaijin.net
2719,douyinliving.com
2720,hoster.ru
2721,locaweb.com.br
2722,bu.edu
2723,bk6bba-resources.com
2724,steamserver.net
2725,cbr.ru
2726,ning.com
2727,dol.gov
2728,freshdesk.com
2729,takeaway.com
2730,stripe.network
2731,safedk.com
2732,generatepress.com
2733,angelfire.com
2734,padlet.com
2735,intercomcdn.com
2736,voanews.com
2737,git-scm.com
2738,us.com
2739,lastline.com
2740,activision.com
2741,1password.com
2742,tabletcaptiveportal.com
2743,databricks.com
2744,ukrpack.net
2745,adguard.com
2746,mapquest.com
2747,wpadmngr.com
2748,powerbi.com
2749,hootsuite.com
2750,tlivepush.com
2751,orcid.org
2752,gmx.net
2753,steamcontent.com
2754,jtvnw.net
2755,yastatic.net
2756,remotepc.com
2757,lg.com
2758,streamtheworld.com
2759,flaticon.com
2760,pavietnam.vn
2761,thawte.com
2762,douban.com
2763,yandexadexchange.net
2764,goodhousekeeping.com
2765,mystrikingly.com
2766,uribl.com
2767,hubble.in
2768,si.com
2769,perl.org
2770,google.cl
2771,nexon.com
2772,urbandictionary.com
2773,lenta.ru
2774,nheos.com
2775,google.com.co
2776,wurl.com
2777,smailru.net
2778,artstation.com
2779,spb.ru
2780,alibabacorp.com
2781,cuny.edu
2782,123rutor.su
2783,mythad.com
2784,osu.edu
2785,didiglobal.com
2786,tableau.com
2787,hover.com
2788,kbz0pwvxmv.com
2789,avito.st
2790,gutenberg.org
2791,tencentclb.com
2792,zenlogic.net
2793,shutterfly.com
2794,sacdnssedge.com
2795,tizen.org
2796,focus.de
2797,brightspace.com
2798,nfl.com
2799,gotinder.com
2800,pbstck.com
2801,rutgers.edu
2802,npmjs.com
2803,susercontent.com
2804,consumerreports.org
2805,reasonsecurity.com
2806,aa.com
2807,rottentomatoes.com
2808,ispot.tv
2809,qiniudns.com
2810,ucaasnetwork.com
2811,thomsonreuters.net
2812,unrealengine.com
2813,dmoz.org
2814,zebra.com
2815,accor.com
2816,ask.com
2817,startappservice.com
2818,azure-api.net
2819,movetv.com
2820,brookings.edu
2821,trpcdn.net
2822,google.com.pe
2823,joomla.org
2824,microsoftazuread-sso.com
2825,cell.com
2826,gettyimages.com
2827,imolive2.com
2828,rumble.com
2829,utah.edu
2830,ctadns.cn
2831,googleapis.cn
2832,ethz.ch
2833,smartsheet.com
2834,dnsv1.com.cn
2835,itau.com.br
2836,elle.com
2837,samplicio.us
2838,google.com.ph
2839,2miners.com
2840,mpg.de
2841,france24.com
2842,coe.int
2843,got-to-be.net
2844,clickup.com
2845,ucsb.edu
2846,pinterest.co.uk
2847,fbi.gov
2848,nsw.gov.au
2849,v-mate.mobi
2850,webflow.com
2851,pastebin.com
2852,demandbase.com
2853,philips.com
2854,trafficjunky.net
2855,allrecipes.com
2856,arkoselabs.com
2857,strln.net
2858,splunkdev.net
2859,faz.net
2860,ilo.org
2861,afreecatv.com
2862,piojm.tech
2863,imgix.net
2864,pullcm.com
2865,faqs.org
2866,medscape.com
2867,lg.co.kr
2868,arcticwolf.net
2869,beyla.site
2870,cctv.com
2871,hotels.com
2872,google.co.za
2873,delta.com
2874,epam.com
2875,krxd.net
2876,ray.com
2877,asahi.com
2878,clean.gg
2879,pullcf.com
2880,weibo.cn
2881,he.net
2882,thrtle.com
2883,brightcove.net
2884,cvs.com
2885,duosecurity.com
2886,undp.org
2887,boston.com
2888,zdf.de
2889,okx.com
2890,rian.ru
2891,glanceapis.com
2892,vfairs.com
2893,schwab.tech
2894,hiaiabc.com
2895,tide.co
2896,aibixby.com
2897,privacy-mgmt.com
2898,theregister.com
2899,cancer.gov
2900,kp.ru
2901,zoom.com
2902,xe.com
2903,ex.co
2904,mnaspm.com
2905,iop.org
2906,volcgslb.com
2907,usaa.com
2908,aviasales.ru
2909,tubecup.net
2910,tubitv.com
2911,rainbird.com
2912,topdns.com
2913,vivintsky.com
2914,home.pl
2915,magonet.ru
2916,libbyshelf.com
2917,sketchfab.com
2918,adtng.com
2919,ctfassets.net
2920,vrbo.com
2921,chase.com
2922,wtxcdn.com
2923,comodo.com
2924,tenor.com
2925,broadcom.com
2926,wikidot.com
2927,px-cloud.net
2928,sproutsocial.com
2929,hopkinsmedicine.org
2930,awmdm.com
2931,ss2.us
2932,calameo.com
2933,msftstatic.com
2934,sophosxl.net
2935,thehindu.com
2936,google.com.bd
2937,akaquill.net
2938,tenda.com.cn
2939,wpastra.com
2940,wufoo.com
2941,drweb.com
2942,magsrv.com
2943,vanityfair.com
2944,verywellhealth.com
2945,kpmg.com
2946,schneier.com
2947,dvr163.com
2948,datadoghq-browser-agent.com
2949,crunchbase.com
2950,al-adtech.com
2951,merlincdn.net
2952,cpan.org
2953,wbbasket.ru
2954,sbb.ch
2955,meitu.com
2956,kzhi.tech
2957,dish.com
2958,nyc.gov
2959,haxx.se
2960,toutiao.com
2961,nurd.com
2962,swannsecurity.com
2963,wustl.edu
2964,outlookindia.com
2965,sgmbocast.com
2966,ninjarmm.com
2967,run.app
2968,digistorm.com
2969,notion.site
2970,orbsrv.com
2971,wasabisys.com
2972,google.com.sg
2973,toasttab.com
2974,1drv.ms
2975,h264.io
2976,rtve.es
2977,jivox.com
2978,ccgateway.net
2979,sovcombank.ru
2980,hubspot.net
2981,videolan.org
2982,kinopoisk.ru
2983,zeasn.tv
2984,advertising.com
2985,salon.com
2986,grammarlyaws.com
2987,dbankedge.net
2988,usembassy.gov
2989,ncsu.edu
2990,helpshift.com
2991,windy.com
2992,isc.org
2993,wargaming.net
2994,zend.com
2995,softonic.com
2996,houzz.com
2997,cbssports.com
2998,wixstatic.com
2999,staticflickr.com
3000,anker-in.com
3001,ibosscloud.com
3002,kahoot.it
3003,google.dk
3004,standard.co.uk
3005,thousandeyes.com
3006,fliphtml5.com
3007,heise.de
3008,moe.video
3009,ed.ac.uk
3010,texas.gov
3011,boredpanda.com
3012,userway.org
3013,ovhcloud.com
3014,flic.kr
3015,thebalancemoney.com
3016,getyourguide.com
3017,apptentive.com
3018,sense.com
3019,vwgroup.com
3020,novell.com
3021,huggingface.co
3022,example.org
3023,iotcplatform.com
3024,heytapdownload.com
3025,db.com
3026,netgate.com
3027,ipvanish.com
3028,adlightning.com
3029,nodejs.org
3030,mcafee-cloud.com
3031,ccc.de
3032,tailscale.io
3033,jio.com
3034,qnap.com
3035,greenpeace.org
3036,gumroad.com
3037,infolinks.com
3038,sueddeutsche.de
3039,paypal.me
3040,bostonglobe.com
3041,dynamic-dns.net
3042,kucoin.com
3043,liveintent.com
3044,cbslocal.com
3045,found.io
3046,arc-msedge.net
3047,indiana.edu
3048,comodoca.com
3049,createjs.com
3050,thejeu.com
3051,qpic.cn
3052,immobilienscout24.de
3053,jpost.com
3054,ohchr.org
3055,ueiwsp.com
3056,d-53.jp
3057,a1q7.net
3058,eventbrite.co.uk
3059,thefreedictionary.com
3060,clickagy.com
3061,yumpu.com
3062,ifood.com.br
3063,hath.network
3064,fifa.com
3065,nzherald.co.nz
3066,disquscdn.com
3067,afraid.org
3068,uscis.gov
3069,apnic.net
3070,gap.com
3071,cloudflarestatus.com
3072,cybertrust.com
3073,bunnyinfra.net
3074,imagemagick.org
3075,threatlocker.com
3076,patch.com
3077,flightradar24.com
3078,cmb.ac.lk
3079,vt.edu
3080,panasonic.com
3081,sonnen.de
3082,google.fi
3083,tapclap.com
3084,tagesschau.de
3085,tubemogul.com
3086,aj1907.online
3087,ax-msedge.net
3088,ns1p.net
3089,conferdeploy.net
3090,thingiverse.com
3091,privacysandboxservices.com
3092,is.gd
3093,zscalerthree.net
3094,slack-edge.com
3095,seekingalpha.com
3096,ftstatic.com
3097,sophosupd.com
3098,bleacherreport.com
3099,lonelyplanet.com
3100,olympics.com
3101,plex.direct
3102,cern.ch
3103,deadline.com
3104,cygwin.com
3105,bell.ca
3106,hadronid.net
3107,google.co.il
3108,zdxcloud.net
3109,livemint.com
3110,monikerdns.net
3111,stuff.co.nz
3112,google.ie
3113,hostpoint.ch
3114,google.co.nz
3115,mcdonalds.com
3116,weatherbug.net
3117,hyprmx.com
3118,rr.com
3119,archlinux.org
3120,zalo.me
3121,storygize.net
3122,airtable.com
3123,gifshow.com
3124,gccdn.net
3125,ow.ly
3126,cengage.com
3127,king.com
3128,usgovcloudapp.net
3129,ggbluefox.com
3130,groupon.com
3131,timeout.com
3132,trivialextrovertedarrangement.pro
3133,twtrdns.net
3134,pitt.edu
3135,cloudbackup.management
3136,telstra.com
3137,redbubble.com
3138,geico.com
3139,mk.ru
3140,curl.se
3141,browserstack.com
3142,billboard.com
3143,ipcc.ch
3144,over-blog.com
3145,ti.com
3146,globalnews.ca
3147,feedly.com
3148,youronlinechoices.eu
3149,ozone.ru
3150,sisense.com
3151,verywellmind.com
3152,azurerms.com
3153,safety.google
3154,draftkings.com
3155,irishtimes.com
3156,dynect.net
3157,oray.com
3158,page.link
3159,vercel.app
3160,caniuse.com
3161,micpn.com
3162,zapier.com
3163,highwebmedia.com
3164,adaether.com
3165,ctvnews.ca
3166,ml314.com
3167,telecomsvc.com
3168,500px.com
3169,sprinklr.com
3170,dnevnik.ru
3171,nerdwallet.com
3172,amazon.com.au
3173,ak-is2.net
3174,google.com.my
3175,knowbe4.com
3176,bahn.de
3177,likee.com
3178,confiant-integrations.net
3179,contentstack.io
3180,vimeocdn.com
3181,centos.org
3182,sputniknews.com
3183,foxsports.com
3184,digital.com
3185,mtu.ru
3186,sberinsur.ru
3187,plala.or.jp
3188,docusign.net
3189,jhkkjkj.com
3190,smugmug.com
3191,live-video.net
3192,4shared.com
3193,jpush.cn
3194,entergy.com
3195,onaudience.com
3196,nbcuni.com
3197,square.site
3198,univie.ac.at
3199,smi2.ru
3200,evotor.ru
3201,sc-prod.net
3202,wswebpic.com
3203,google.sk
3204,ahacdn.me
3205,rtactivate.com
3206,nicehash.com
3207,nobelprize.org
3208,meizu.com
3209,codepen.io
3210,splunkcloud.com
3211,leparisien.fr
3212,affirm.com
3213,nicovideo.jp
3214,exacttarget.com
3215,buzzoola.com
3216,shop.app
3217,softcom.biz
3218,google.ae
3219,zara.com
3220,msnbc.com
3221,wps.cn
3222,space.com
3223,163img.com
3224,georgetown.edu
3225,hrw.org
3226,sharepointonline.com
3227,arm-msedge.net
3228,channel4.com
3229,namequery.com
3230,wshifen.com
3231,hawaii.edu
3232,bittorrent.com
3233,senderscore.com
3234,mountain.com
3235,sba.gov
3236,rostelecom.ru
3237,itsupport247.net
3238,tripadvisor.co.uk
3239,gemius.pl
3240,pcworld.com
3241,ekatox.com
3242,kwai.com
3243,finam.ru
3244,crowdstrike.com
3245,mongodb.net
3246,thestar.com
3247,freshworksapi.com
3248,polygon.com
3249,insider.com
3250,uplynk.com
3251,uoregon.edu
3252,getdropbox.com
3253,ovh.com
3254,southwest.com
3255,tufts.edu
3256,ada.support
3257,centralnic.net
3258,uefa.com
3259,samsungcloudcdn.com
3260,opentrackr.org
3261,eurekalert.org
3262,brand-display.com
3263,santander.com.br
3264,redbull.com
3265,rg.ru
3266,a-mx.com
3267,transcend.io
3268,paa-reporting-advertising.amazon
3269,wipo.int
3270,ps.kz
3271,vedsalb.com
3272,my-lightning-container.com
3273,google.bg
3274,ciscospark.com
3275,unl.edu
3276,hs-scripts.com
3277,menshealth.com
3278,bytedance.com
3279,kinescopecdn.net
3280,leagueoflegends.com
3281,abc.es
3282,wordpress.net
3283,lavanguardia.com
3284,justpremium.com
3285,zscalertwo.net
3286,tutu.ru
3287,nhl.com
3288,google.com.eg
3289,tdatamaster.com
3290,ustream.tv
3291,ndmdhs.com
3292,merchantlink.com
3293,xhamsterlive.com
3294,loom.com
3295,bitmoji.com
3296,seattletimes.com
3297,knt9.xyz
3298,adhigh.net
3299,cvent.com
3300,thestreet.com
3301,sape.ru
3302,sfu.ca
3303,nr-ops.net
3304,doppiocdn.net
3305,ulta.com
3306,google.com.pk
3307,powerapps.com
3308,rei.com
3309,foresee.com
3310,e5.sk
3311,geeksforgeeks.org
3312,infocyte.com
3313,themegrill.com
3314,yolasite.com
3315,icndns.net
3316,svcmot.com
3317,myhuaweicloud.com
3318,ecdnx.com
3319,bellsouth.net
3320,pinterest.ca
3321,prweb.com
3322,cachenow.net
3323,bbtec.net
3324,miibeian.gov.cn
3325,msi.com
3326,bytelb.com
3327,likeevideo.ru
3328,inscloudgate.net
3329,nessus.org
3330,cognitivlabs.com
3331,cricketwireless.com
3332,fortinet.net
3333,oraclecloud.net
3334,ihc.ru
3335,google.hr
3336,uberinternal.com
3337,esa.int
3338,meta.com
3339,wa.link
3340,tsinghua.edu.cn
3341,mmc.com
3342,aljazeera.net
3343,google.no
3344,gameloft.com
3345,meganameservers.eu
3346,google.co.ve
3347,chinanetcenter.com
3348,faa.gov
3349,sway.com
3350,caltech.edu
3351,cia.gov
3352,2gis.ru
3353,instana.io
3354,bitwarden.com
3355,breitbart.com
3356,gatech.edu
3357,hs-banner.com
3358,inkuai.com
3359,hs-analytics.net
3360,timesofisrael.com
3361,ksyna.net
3362,planethoster.net
3363,ovo.id
3364,formula1.com
3365,humansecurity.com
3366,popin.cc
3367,verisign.net
3368,bodis.com
3369,netsuite.com
3370,google.lt
3371,lin.ee
3372,webflow.io
3373,google.us
3374,rochester.edu
3375,zscloud.net
3376,proton.me
3377,gldn.net
3378,browsiprod.com
3379,eu.com
3380,my.games
3381,nianticlabs.com
3382,azure.us
3383,bac.com
3384,superawesome.tv
3385,mimecast.net
3386,smartape.ru
3387,qualys.com
3388,admixer.net
3389,celtra.com
3390,harpersbazaar.com
3391,theepochtimes.com
3392,snopes.com
3393,fastly-insights.com
3394,alexa.com
3395,iiko.it
3396,wp.me
3397,clicktale.net
3398,nos.nl
3399,spglobal.com
3400,mcgill.ca
3401,cdn13.com
3402,yle.fi
3403,ubereats.com
3404,rqmob.com
3405,9gag.com
3406,aylanetworks.com
3407,softether-network.net
3408,osha.gov
3409,dalyfeds.com
3410,itmedia.co.jp
3411,gravitational.io
3412,brandmetrics.com
3413,siteforce.com
3414,alikunlun.net
3415,isprog.com
3416,huffingtonpost.co.uk
3417,greenhouse.io
3418,att-idns.net
3419,eagleeyenetworks.com
3420,fema.gov
3421,shawcable.net
3422,avg.com
3423,tacdn.com
3424,legacy.com
3425,pghub.io
3426,braintree-api.com
3427,ucoz.net
3428,wireshark.org
3429,gitbook.io
3430,histats.com
3431,sciencealert.com
3432,ahcdn.com
3433,just-eat.co.uk
3434,pananames.com
3435,unsw.edu.au
3436,openldap.org
3437,lgtviot.com
3438,planfix.com
3439,symcd.com
3440,northgrum.com
3441,hybrid.ai
3442,wowhead.com
3443,hotmart.com
3444,shorturl.at
3445,iqzone.com
3446,edmunds.com
3447,vanguard.com
3448,vonedge.com
3449,porsche.com
3450,pokemon.com
3451,indazn.com
3452,ctnsnet.com
3453,tagesspiegel.de
3454,ebayimg.com
3455,kolesa.kz
3456,su89-cdn.net
3457,boltdns.net
3458,qlogo.cn
3459,samsunghealth.com
3460,sendgrid.com
3461,mcusercontent.com
3462,tcdnlive.com
3463,xkcd.com
3464,gimp.org
3465,tunein.com
3466,capitaloneshopping.com
3467,picsart.com
3468,galaxydata.ru
3469,theathletic.com
3470,ymmobi.com
3471,2kcoretech.online
3472,dmxleo.com
3473,metmuseum.org
3474,com.com
3475,tfl.gov.uk
3476,sina.com
3477,thespruce.com
3478,jwpcdn.com
3479,lse.ac.uk
3480,tomsguide.com
3481,computerworld.com
3482,uiowa.edu
3483,schoology.com
3484,teslamotors.com
3485,myanimelist.net
3486,thenextweb.com
3487,insightexpressai.com
3488,queniuiq.com
3489,mobileiron.com
3490,securityfocus.com
3491,ahrefs.com
3492,uniqlo.com
3493,study.com
3494,media6degrees.com
3495,swbell.net
3496,mobiusltd.com
3497,js7k.com
3498,romarg.com
3499,theknot.com
3500,orf.at
3501,zscaler.com
3502,video.az
3503,openxcdn.net
3504,thesaurus.com
3505,profi.ru
3506,drugs.com
3507,owneriq.net
3508,shopee.vn
3509,amp-endpoint2.com
3510,outbrain.org
3511,gazprombank.ru
3512,unep.org
3513,a2hosting.com
3514,coindesk.com
3515,illusionblack.com
3516,logitech.io
3517,ourworldindata.org
3518,brown.edu
3519,ew.com
3520,adobejanus.com
3521,hgtv.com
3522,pypi.org
3523,oregonstate.edu
3524,mosyle.com
3525,sinaimg.cn
3526,etherscan.io
3527,postman.com
3528,tp-staging.com
3529,6sc.co
3530,lync.com
3531,sportradarserving.com
3532,zenon.net
3533,test-hf.ru
3534,adthrive.com
3535,icio.us
3536,ucloud.cn
3537,extremereach.io
3538,uscourts.gov
3539,outboundproxy.com
3540,rutarget.ru
3541,afrinic.net
3542,samsungrs.com
3543,slatic.net
3544,bankrate.com
3545,bitrix.info
3546,williamhill.com
3547,edx.org
3548,poshmark.com
3549,eeroup.com
3550,myfitnesspal.com
3551,redcross.org
3552,mercurynews.com
3553,oath.com
3554,otm-r.com
3555,wikisource.org
3556,hubapi.com
3557,vatican.va
3558,dbankcdn.cn
3559,tele2.ru
3560,googleoptimize.com
3561,lsu.edu
3562,dominos.com
3563,viator.com
3564,rapidssl.com
3565,liberation.fr
3566,buzzsprout.com
3567,independent.ie
3568,bstatic.com
3569,adzerk.net
3570,next.co.uk
3571,runescape.com
3572,lahuashanbx.com
3573,mintegral.net
3574,docusign.com
3575,proquest.com
3576,pinterest.de
3577,hosteurope.de
3578,livedns.co.uk
3579,dkinternal.com
3580,rackspacecloud.com
3581,revenuecat.com
3582,findlaw.com
3583,vanderbilt.edu
3584,appnexusgslb.net
3585,rusprofile.ru
3586,lilithgame.com
3587,colorlib.com
3588,minecraftservices.com
3589,zuimeitianqi.com
3590,axonix.com
3591,businessweek.com
3592,studentaid.gov
3593,lua.org
3594,news24.com
3595,blismedia.com
3596,wsu.edu
3597,umass.edu
3598,oxfordjournals.org
3599,surriel.com
3600,gtm-a2b2.com
3601,opentable.com
3602,qvdt3feo.com
3603,surbl.org
3604,mysterium.network
3605,yomiuri.co.jp
3606,elster.de
3607,rsc.org
3608,etc.uz
3609,google.rs
3610,lycos.com
3611,custhelp.com
3612,tvtropes.org
3613,pushnami.com
3614,tass.ru
3615,news18.com
3616,man7.org
3617,lunalabs.io
3618,dmcdn.net
3619,acer.com
3620,amnesty.org
3621,divar.ir
3622,sprig.com
3623,samsara.com
3624,ansa.it
3625,ap.org
3626,libero.it
3627,paypalobjects.com
3628,systemdns.com
3629,truoptik.com
3630,prestashop.com
3631,softbank.jp
3632,indiatoday.in
3633,victoriassecret.com
3634,wayport.net
3635,cquotient.com
3636,webrootanywhere.com
3637,dotnxdomain.net
3638,tanium.com
3639,news.cn
3640,atl-paas.net
3641,imageshack.com
3642,spamcop.net
3643,google.kz
3644,usf.edu
3645,prreqcroab.icu
3646,phpbb.com
3647,wsssec.com
3648,note.com
3649,snowflake.com
3650,pcgamer.com
3651,garant.ru
3652,ojsbdjn.com
3653,dns.pt
3654,experian.com
3655,ecobee.com
3656,unity3dusercontent.com
3657,mheducation.com
3658,mercari.com
3659,razorpay.com
3660,perl.com
3661,securly.com
3662,arduino.cc
3663,archdaily.com
3664,wandera.com
3665,infogram.com
3666,ndr.de
3667,eloqua.com
3668,nielsen.com
3669,kbb.com
3670,51.la
3671,betterhelp.com
3672,alltrails.com
3673,gm.com
3674,hubspotemail.net
3675,tnt-ea.com
3676,batch.com
3677,jedox.com
3678,vrt.be
3679,nordstrom.com
3680,platinumai.net
3681,blackberry.com
3682,clinicaltrials.gov
3683,hostinger.com
3684,bitrix24.com
3685,piano.io
3686,mndlvr.com
3687,vivox.com
3688,loopia.se
3689,tailscale.com
3690,caranddriver.com
3691,ventraip.net.au
3692,rte.ie
3693,realestate.com.au
3694,hihonor.com
3695,technorail.com
3696,afilias-nst.info
3697,pragmaticplay.net
3698,vzmessages.com
3699,on.net
3700,adweek.com
3701,michaels.com
3702,nalog.ru
3703,wikibooks.org
3704,northwesternmutual.com
3705,google.by
3706,bell-labs.com
3707,skysports.com
3708,komoot.de
3709,nbc.com
3710,similarweb.com
3711,es.io
3712,volusion.com
3713,sureserver.com
3714,popsci.com
3715,yp.to
3716,hindawi.com
3717,glip.com
3718,mindbodyonline.com
3719,fsu.edu
3720,mac.com
3721,medtronic.com
3722,piratbit.fun
3723,clango.com
3724,immersivelabs.online
3725,dmca.com
3726,google.lv
3727,atlasobscura.com
3728,nielsendigital.net
3729,uga.edu
3730,pravda.com.ua
3731,grindr.com
3732,domru.ru
3733,nbcsports.com
3734,dallasnews.com
3735,samsungpositioning.com
3736,answers.com
3737,gigya.com
3738,spreaker.com
3739,betfair.com
3740,lgsmartad.com
3741,lifewire.com
3742,theregister.co.uk
3743,mrf.io
3744,af.mil
3745,newsbreak.com
3746,xhscdn.com
3747,virginia.gov
3748,shopee.ph
3749,bcelive.com
3750,cloudappsecurity.com
3751,aeroflot.ru
3752,abtasty.com
3753,algolianet.com
3754,biglobe.ne.jp
3755,clover.com
3756,google.si
3757,connectad.io
3758,twnodes.com
3759,instabug.com
3760,abb.com
3761,mmstat.com
3762,scarabresearch.com
3763,defense.gov
3764,barrons.com
3765,honey.io
3766,amp-endpoint3.com
3767,trulia.com
3768,chewy.com
3769,sjv.io
3770,bgdns.net
3771,wynd.network
3772,allocine.fr
3773,cookieyes.com
3774,braze-images.com
3775,wallpapers.com
3776,service-public.fr
3777,pa.gov
3778,straitstimes.com
3779,stabletransit.com
3780,starlink.com
3781,miamiherald.com
3782,vm.co.mz
3783,ultimate-guitar.com
3784,logmein.com
3785,spectrum.net
3786,google.co.cr
3787,unhcr.org
3788,metoffice.gov.uk
3789,ucsf.edu
3790,saasexch.com
3791,gotomeeting.com
3792,japantimes.co.jp
3793,eonline.com
3794,popularmechanics.com
3795,awin1.com
3796,envato.market
3797,seek.com.au
3798,udel.edu
3799,bedbathandbeyond.com
3800,newegg.com
3801,crazygames.com
3802,hbs.edu
3803,c-msedge.net
3804,akahost.net
3805,eurodns.com
3806,magento.com
3807,mojohost.com
3808,tf1.fr
3809,britishairways.com
3810,ultradns.net
3811,customer.io
3812,douyin.com
3813,xincache.com
3814,google.com.ec
3815,opensea.io
3816,sprinthost.ru
3817,nate.com
3818,charter.com
3819,s-microsoft.com
3820,familysearch.org
3821,dickssportinggoods.com
3822,monash.edu
3823,statsig.com
3824,fin.ag
3825,churchofjesuschrist.org
3826,utdallas.edu
3827,gpubgm.com
3828,linecorp.com
3829,emojipedia.org
3830,nj.com
3831,grammarly.net
3832,bustle.com
3833,elcorteingles.es
3834,dotmetrics.net
3835,joyn.de
3836,justia.com
3837,siteground.biz
3838,iastate.edu
3839,foreignpolicy.com
3840,raspberrypi.org
3841,abril.com.br
3842,ocn.ne.jp
3843,dion.ne.jp
3844,google.com.do
3845,gcloudcs.com
3846,moovitapp.com
3847,gamesradar.com
3848,ziprecruiter.com
3849,mulesoft.com
3850,control4.com
3851,idnscloud.com
3852,firstvds.ru
3853,unfccc.int
3854,t13.io
3855,shopifycdn.com
3856,visualwebsiteoptimizer.com
3857,pbskids.org
3858,howtogeek.com
3859,worldcat.org
3860,google.ee
3861,binance.info
3862,iea.org
3863,v0cdn.net
3864,ladsp.com
3865,govdelivery.com
3866,siue.edu
3867,kaltura.com
3868,pku.edu.cn
3869,beyondtrustcloud.com
3870,tesco.com
3871,shopee.tw
3872,bingapis.com
3873,cms.gov
3874,penguinrandomhouse.com
3875,flipsnack.com
3876,hscollectedforms.net
3877,4.cn
3878,depositphotos.com
3879,cdnwidget.com
3880,mktoresp.com
3881,gwu.edu
3882,tilda.ws
3883,monday.com
3884,pchome.com.tw
3885,snapfish.com
3886,google.com.gt
3887,google.ba
3888,web.app
3889,rome2rio.com
3890,techsmith.com
3891,washingtontimes.com
3892,federalregister.gov
3893,ko-fi.com
3894,fireeye.com
3895,worldometers.info
3896,digicertdns.com
3897,k8s.io
3898,galepush.net
3899,rtl.de
3900,ripe.net
3901,phantomserver.net
3902,stspg-customer.com
3903,withbuddies.com
3904,mediawiki.org
3905,alfabank.ru
3906,politico.eu
3907,backblazeb2.com
3908,arnebrachhold.de
3909,barracuda.com
3910,delapartii.ru
3911,bb.com.br
3912,iu.edu
3913,coupahost.com
3914,uwaterloo.ca
3915,snssdk.com
3916,coupangcdn.com
3917,nus.edu.sg
3918,easyjet.com
3919,google.lk
3920,thekitchn.com
3921,zaloapp.com
3922,google.com.uy
3923,reolink.com
3924,uidapi.com
3925,bbcgoodfood.com
3926,pub.network
3927,clmbtech.com
3928,nyt.com
3929,dfmc.com.cn
3930,matomo.org
3931,lxdns.com
3932,so-net.ne.jp
3933,envato.com
3934,porkbun.com
3935,teacherspayteachers.com
3936,usabilla.com
3937,hubpages.com
3938,squadhelp.com
3939,pinterest.fr
3940,fazenda.gov.br
3941,priceline.com
3942,bereal.com
3943,youngjoygame.com
3944,hiyaapi.com
3945,otzovik.com
3946,sliide.cloud
3947,dnacdn.net
3948,expressapisv2.net
3949,indriverapp.com
3950,puzztake.com
3951,azure-dns.info
3952,unibet.com
3953,kwaicdn.com
3954,google.com.np
3955,datastax.com
3956,angi.com
3957,glulive.com
3958,queniubg.com
3959,blogspot.de
3960,lufthansa.com
3961,google.com.pr
3962,google.co.ma
3963,google.ge
3964,mynavi.jp
3965,qualcomm.com
3966,dreamstime.com
3967,infobip.com
3968,openweathermap.org
3969,edu-servers.net
3970,transsion-os.com
3971,searchengineland.com
3972,bouncex.net
3973,marksandspencer.com
3974,midasplayer.cloud
3975,srmdata-us.com
3976,chosun.com
3977,apple.co
3978,homestead.com
3979,google.jo
3980,liveinternet.ru
3981,google.com.ng
3982,dc-msedge.net
3983,tile-api.com
3984,snapcraft.io
3985,the-sun.com
3986,bcebos.com
3987,smallpdf.com
3988,intal.uz
3989,google.dz
3990,anu.edu.au
3991,bumlam.com
3992,buffer.com
3993,dnsv.jp
3994,google.co.uz
3995,meituan.net
3996,replit.com
3997,statefarm.com
3998,colostate.edu
3999,google.com.sv
4000,lpsnmedia.net
4001,dailyinnovation.biz
4002,premierleague.com
4003,coca-cola.com
4004,ardmediathek.de
4005,hoyolab.com
4006,morningstar.com
4007,jwpsrv.com
4008,aliexpress.ru
4009,techlab-cdn.com
4010,pinterest.es
4011,unam.mx
4012,rttv.ru
4013,lyft.net
4014,eatingwell.com
4015,akbars.ru
4016,squid-cache.org
4017,brinkpos.net
4018,petfinder.com
4019,startribune.com
4020,lululemon.com
4021,poe.com
4022,google.com.bo
4023,fn-pz.com
4024,google.com.py
4025,japanpost.jp
4026,gamer.com.tw
4027,aftonbladet.se
4028,opera-api.com
4029,alarabiya.net
4030,reverbnation.com
4031,cwi.nl
4032,hereapi.com
4033,boeing.com
4034,tinder.com
4035,tapjoyads.com
4036,clicktripz.com
4037,haplorrhini.com
4038,ilmessaggero.it
4039,autotrader.com
4040,metlife.com
4041,aif.ru
4042,adguard-vpn.online
4043,nocookie.net
4044,meb.gov.tr
4045,sjtu.edu.cn
4046,aviasales.com
4047,ensighten.com
4048,fortnite.com
4049,wzrkt.com
4050,sentry-cdn.com
4051,openoffice.org
4052,handelsblatt.com
4053,1e100.net
4054,google.co.ke
4055,fujitsu.com
4056,hotornot.com
4057,macrumors.com
4058,retargetly.com
4059,ruidongcloud.com
4060,federalreserve.gov
4061,iq.com
4062,rapepush.net
4063,sony.tv
4064,blogspot.ca
4065,ualberta.ca
4066,gnome.org
4067,banki.ru
4068,lnk.to
4069,parastorage.com
4070,samsungads.com
4071,wanadoo.fr
4072,vseinstrumenti.ru
4073,thestar.com.my
4074,fastlydns.net
4075,lgthinq.com
4076,fraunhofer.de
4077,collinsdictionary.com
4078,perimeterx.net
4079,tinypic.com
4080,ksyunv5.com
4081,everydayhealth.com
4082,google.lu
4083,matillion.com
4084,mainichi.jp
4085,matchtv.ru
4086,supapush.net
4087,flightaware.com
4088,fsapi.com
4089,av380.net
4090,brevo.com
4091,mo.gov
4092,business-standard.com
4093,byu.edu
4094,google.iq
4095,google.is
4096,mycybercns.com
4097,ettdnsv.com
4098,myvzw.com
4099,csmonitor.com
4100,boutell.com
4101,siemens.de
4102,cafe24.com
4103,routledge.com
4104,boutell.co.uk
4105,nrk.no
4106,omnatuor.com
4107,omniroot.com
4108,google.az
4109,appiersig.com
4110,nic.uk
4111,google.ci
4112,mediaset.it
4113,google.am
4114,wetteronline.de
4115,distmed.com
4116,google.as
4117,r01.ru
4118,google.com.lb
4119,prtimes.jp
4120,google.com.kh
4121,getadblock.com
4122,nifty.com
4123,google.cm
4124,ge.com
4125,gfx.ms
4126,purl.org
4127,dmm.com
4128,elespanol.com
4129,jimdosite.com
4130,cargurus.com
4131,threema.ch
4132,southernliving.com
4133,rzd.ru
4134,google.cat
4135,cyberark.com
4136,tns-counter.ru
4137,bldrdoc.gov
4138,campaign-archive.com
4139,minepi.com
4140,appiancloud.com
4141,derstandard.at
4142,google.bs
4143,google.mn
4144,microsoftstream.com
4145,google.hn
4146,google.tn
4147,google.com.pa
4148,hdslb.com
4149,google.ad
4150,svt.se
4151,convertkit.com
4152,mhlw.go.jp
4153,venmo.com
4154,neilpatel.com
4155,google.com.mt
4156,yg5sjx5kzy.com
4157,terabox.com
4158,d0000d.com
4159,google.md
4160,zlib.net
4161,mobilegamestats.com
4162,demandware.net
4163,google.co.mz
4164,1rj.ru
4165,careem-engineering.com
4166,sendpulse.com
4167,google.com.om
4168,4kporn.xxx
4169,aaa.com
4170,google.com.mm
4171,icloud.com.cn
4172,servicepipe.ru
4173,20minutes.fr
4174,ncaa.com
4175,afilias-nst.org
4176,google.com.jm
4177,elconfidencial.com
4178,tdnsvod1.cn
4179,bom.gov.au
4180,google.gg
4181,google.com.cu
4182,tomshardware.com
4183,realme.com
4184,mercedes-benz.com
4185,nic.io
4186,zillowstatic.com
4187,wondershare.com
4188,google.cf
4189,wampserver.com
4190,wired.co.uk
4191,userreport.com
4192,google.com.qa
4193,google.co.bw
4194,yandex-team.ru
4195,uniview.com
4196,i-ready.com
4197,google.kg
4198,queniusy.com
4199,pscp.tv
4200,google.bi
4201,google.com.ni
4202,google.com.gi
4203,google.com.ag
4204,techrepublic.com
4205,guardingvision.com
4206,pagesix.com
4207,elastic-cloud.com
4208,xiti.com
4209,riskified.com
4210,love4porn.com
4211,lastampa.it
4212,tradedoubler.com
4213,gazeta.pl
4214,qunar.com
4215,parade.com
4216,sb-cd.com
4217,kunlungr.com
4218,kinghost.com.br
4219,denverpost.com
4220,google.com.ly
4221,hubspotusercontent-na1.net
4222,google.com.bh
4223,trellix.com
4224,ruijienetworks.com
4225,valve.net
4226,zoominfo.com
4227,nameserverservice.de
4228,gamestop.com
4229,blackspider.com
4230,google.com.gh
4231,coogoanu.net
4232,vapp-servers.com
4233,ebaystatic.com
4234,backblaze.com
4235,travelandleisure.com
4236,softpedia.com
4237,google.dm
4238,1cv8update.com
4239,google.cd
4240,google.com.et
4241,google.com.kw
4242,jivosite.com
4243,ukyuh.tech
4244,marketo.com
4245,macomnet.ru
4246,mediarithmics.com
4247,nvidiagrid.net
4248,google.mu
4249,rfi.fr
4250,google.cg
4251,disney.co.jp
4252,google.co.ug
4253,sng.link
4254,liveabout.com
4255,quantcast.com
4256,int08h.com
4257,google.co.zm
4258,elstc.co
4259,u-tokyo.ac.jp
4260,weerrhoop.cc
4261,hulustream.com
4262,msu.ru
4263,xtracloud.net
4264,google.com.na
4265,rosneft.ru
4266,google.fm
4267,ibtimes.com
4268,rediff.com
4269,hrblock.com
4270,ct.gov
4271,sbcglobal.net
4272,india.com
4273,google.co.ck
4274,selectel.ru
4275,lever.co
4276,google.sc
4277,mariadb.org
4278,ebscohost.com
4279,google.ps
4280,leetcode.com
4281,google.sn
4282,iowa.gov
4283,google.com.bz
4284,doxygen.org
4285,allawntech.com
4286,treehugger.com
4287,google.com.ai
4288,tappx.com
4289,zerocdn.com
4290,google.ml
4291,google.co.ls
4292,adfox.ru
4293,dyn.com
4294,pardot.com
4295,verizonwireless.com
4296,google.com.bn
4297,etoote.com
4298,scoop.it
4299,ok.xxx
4300,ahagamecenter.com
4301,onefootball.com
4302,google.mw
4303,tclking.com
4304,google.co.tz
4305,google.bf
4306,telstra.com.au
4307,skyscanner.net
4308,ohmy.bid
4309,gist.build
4310,teleparty.com
4311,legislation.gov.uk
4312,google.ms
4313,litres.ru
4314,tnaflix.com
4315,pstatic.net
4316,google.cv
4317,tinkercad.com
4318,google.tk
4319,betcity.ru
4320,volkswagen.de
4321,google.so
4322,libpng.org
4323,mywot.com
4324,prodigygame.com
4325,thunderbird.net
4326,google.rw
4327,ahajournals.org
4328,google.tt
4329,myteksi.net
4330,peatix.com
4331,google.li
4332,google.mk
4333,live-voip.com
4334,google.co.ao
4335,reference.com
4336,c6gj-static.net
4337,findagrave.com
4338,livechat.com
4339,economictimes.com
4340,bizport.cn
4341,tru.am
4342,ucloud.com.cn
4343,shopee.co.th
4344,google.ws
4345,sina.cn
4346,google.mv
4347,popsugar.com
4348,particlenews.com
4349,google.ki
4350,google.bj
4351,google.la
4352,hotstar.com
4353,google.je
4354,google.com.sl
4355,reson8.com
4356,youdao.com
4357,google.co.vi
4358,google.pn
4359,travelaudience.com
4360,gigaset-elements.com
4361,google.mg
4362,google.co.zw
4363,google.com.sb
4364,tutorialspoint.com
4365,google.al
4366,azure-dns.org
4367,game-mode.net
4368,google.nr
4369,google.nu
4370,google.ht
4371,google.vg
4372,google.gl
4373,gs.com
4374,google.com.cy
4375,todoist.com
4376,box.net
4377,list-manage1.com
4378,ama-assn.org
4379,searchenginejournal.com
4380,websupport.sk
4381,rajasthan.gov.in
4382,cnrs.fr
4383,feednews.com
4384,google.dj
4385,tplinkra.com
4386,trvdp.com
4387,kick.com
4388,pbase.com
4389,google.com.af
4390,post.ch
4391,google.vu
4392,fireoscaptiveportal.com
4393,surfnet.nl
4394,equifax.com
4395,google.tm
4396,pingdom.net
4397,google.sh
4398,paycomonline.net
4399,karnataka.gov.in
4400,lunamedia.live
4401,blackrock.com
4402,vi-serve.com
4403,google.gm
4404,kremlin.ru
4405,google.com.vc
4406,buzzfeednews.com
4407,w.org
4408,pingone.com
4409,microsoft365.com
4410,thinkwithgoogle.com
4411,google.st
4412,uq.edu.au
4413,google.td
4414,eia.gov
4415,typing.com
4416,google.tg
4417,nuance.com
4418,footprint.net
4419,google.sm
4420,hrzn-nxt.com
4421,kxcdn.com
4422,kidshealth.org
4423,ebay.com.au
4424,raiffeisen.ru
4425,survicate.com
4426,nationalacademies.org
4427,nexthink.cloud
4428,insurads.com
4429,google.im
4430,justgiving.com
4431,parkingcrew.net
4432,google.com.fj
4433,sketchup.com
4434,dialoguecorp.co
4435,marinetraffic.com
4436,nj.gov
4437,google.gy
4438,mastodon.social
4439,emarketer.com
4440,cmd.su
4441,uic.edu
4442,nationalarchives.gov.uk
4443,iso.ch
4444,savefrom.net
4445,crypto.com
4446,cudasvc.com
4447,dbankcloud.asia
4448,prosv.ru
4449,google.gp
4450,icanhazip.com
4451,collider.com
4452,cdn4image.com
4453,fcomet.com
4454,mojang.com
4455,getepic.com
4456,sofascore.com
4457,pepepush.net
4458,meteofrance.com
4459,quark.cn
4460,google.to
4461,nationalpost.com
4462,uninet.net.mx
4463,infomaniak.com
4464,rit.edu
4465,xiaoyi.com
4466,memcached.org
4467,dwin1.com
4468,resetdigital.co
4469,ajax.systems
4470,bitget.com
4471,proof-dns.com
4472,ximalaya.com
4473,paytm.com
4474,google.ne
4475,in.gov
4476,farfetch.com
4477,opensuse.org
4478,domaintools.com
4479,google.me
4480,cloudhub.io
4481,olo.com
4482,dynatracelabs.com
4483,cnil.fr
4484,health.com
4485,makeuseof.com
4486,rice.edu
4487,staples.com
4488,svr-algorix.com
4489,withings.net
4490,kuiniuca.com
4491,datadoghq.eu
4492,termsfeed.com
4493,womenshealthmag.com
4494,eldiario.es
4495,pcre.org
4496,turbosquid.com
4497,app-us1.com
4498,jagnoans.com
4499,google.com.pg
4500,google.com.tj
4501,made-in-china.com
4502,flingo.tv
4503,dxkulture.com
4504,ttwstatic.com
4505,hostia.name
4506,zappos.com
4507,ec-lyon.fr
4508,google.tl
4509,azcentral.com
4510,google.bt
4511,eoffice.gov.in
4512,t0x.net
4513,mtv.com
4514,cymru.com
4515,propublica.org
4516,sundaysky.com
4517,line-scdn.net
4518,nsf.gov
4519,kagoya.net
4520,pornhat.com
4521,dialoguecorp.com
4522,europapress.es
4523,nwmnd.com
4524,tractorsupply.com
4525,pravda.ru
4526,bdurl.net
4527,vistaprint.com
4528,e-recht24.de
4529,kijiji.ca
4530,pch.com
4531,looker.com
4532,transip.nl
4533,queniusz.com
4534,justpaste.it
4535,britishcouncil.org
4536,usmagazine.com
4537,mailerlite.com
4538,semrush.net
4539,lazada.co.id
4540,getgreenshot.org
4541,google.org
4542,magento.cloud
4543,blueconic.net
4544,pavv.co.kr
4545,pdffiller.com
4546,dcloudstc.com
4547,vizio.com
4548,nflximg.net
4549,sydney.edu.au
4550,247sports.com
4551,google.ga
4552,scn-net.ne.jp
4553,zyxel.com
4554,indeed.tech
4555,newgrounds.com
4556,db.de
4557,cylance.com
4558,apkpure.com
4559,fortnitetracker.com
4560,grab.com
4561,ntp-fireos.com
4562,aliexpress.us
4563,shrm.org
4564,lyft.com
4565,lequipe.fr
4566,gazeta.ru
4567,ucsc.edu
4568,computrabajo.com
4569,fnac.com
4570,etrade.com
4571,mlstatic.com
4572,kaiserpermanente.org
4573,boingboing.net
4574,tildacdn.com
4575,telecomitalia.it
4576,cortana.ai
4577,nespresso.com
4578,razerzone.com
4579,nd.edu
4580,td.com
4581,iranlms.ir
4582,listdl.com
4583,larkplayerapp.com
4584,verkada-lan.com
4585,shareasale.com
4586,gzip.org
4587,speedtestcustom.com
4588,pragmaticplaylive.net
4589,hetzner.com
4590,hellomagazine.com
4591,upi.com
4592,ctrls.in
4593,arcpublishing.com
4594,cars.com
4595,websense.com
4596,icicibank.com
4597,knowyourmeme.com
4598,hosted-by-discourse.com
4599,randompriz.ru
4600,afterpay.com
4601,wd2go.com
4602,p-n.io
4603,ebay.ca
4604,monetate.net
4605,forticloud.com
4606,domain.com
4607,dexscreener.com
4608,xxxshake.com
4609,hud.gov
4610,saby.ru
4611,wise.com
4612,frameo.net
4613,appnext.com
4614,bronze.systems
4615,pb.com
4616,skwstat.ru
4617,google.com.nf
4618,apkcombo.com
4619,operacdn.com
4620,xfsbb.com
4621,playtika.com
4622,chinaz.com
4623,volvocars.com
4624,kku.ac.th
4625,eater.com
4626,aws.com
4627,namecheap.com
4628,imghst-de.com
4629,apachelounge.com
4630,apple-dns.cn
4631,worldtimeserver.com
4632,boardgamegeek.com
4633,batmanapollo.ru
4634,yieldlab.net
4635,spotxchange.com
4636,dr.dk
4637,mailgun.net
4638,zohopublic.com
4639,ngs.ru
4640,cnn.io
4641,bidease.com
4642,juntadeandalucia.es
4643,uservoice.com
4644,home.blog
4645,bartarinha.ir
4646,tbs.co.jp
4647,allianz.de
4648,videoamp.com
4649,slickdeals.net
4650,easydns.com
4651,groupme.com
4652,ubs.com
4653,scholastic.com
4654,eclipse.org
4655,symphony.com
4656,mediatonicgames.com
4657,qq.com.cn
4658,moloco.com
4659,cableone.net
4660,gq.com
4661,fisglobal.com
4662,castbox.fm
4663,syncthing.net
4664,inss.gov.br
4665,dnse1.com
4666,msdn.com
4667,plumenet.io
4668,hardened-php.net
4669,tlivecdn.com
4670,tcgplayer.com
4671,trafficjunky.com
4672,desmos.com
4673,ihrhls.com
4674,mass.gov
4675,eastmoney.com
4676,dhgate.com
4677,gpo.gov
4678,booth.pm
4679,doppiocdn.com
4680,gscontxt.net
4681,newsroom.bi
4682,zee5.com
4683,fitanalytics.com
4684,narvar.com
4685,lexisnexis.com
4686,kroger.com
4687,sfr.fr
4688,douyinpic.com
4689,cointelegraph.com
4690,merchant-center-analytics.goog
4691,moma.org
4692,dotvndns.vn
4693,pearson.com
4694,dartmouth.edu
4695,freshworks.com
4696,google.sr
4697,clemson.edu
4698,property24.com
4699,kia.com
4700,yandex.by
4701,tmweb.ru
4702,br.de
4703,bluecava.com
4704,anyclip.com
4705,razer.com
4706,ameriprise.com
4707,skynet.be
4708,refinery29.com
4709,eagllwin.com
4710,sberbank-insurance.ru
4711,tdameritrade.com
4712,wwsga.me
4713,weathercn.com
4714,amazon.nl
4715,samsungmax.com
4716,bilivideo.com
4717,cust-service.com
4718,xmlsoft.org
4719,fox.com
4720,exodus.io
4721,www.gov.pl
4722,ehow.com
4723,gotoassist.com
4724,ondemand.com
4725,stern.de
4726,gtld.biz
4727,tiktokv.eu
4728,bdstatic.com
4729,warthunder.com
4730,sndcdn.com
4731,turnitin.com
4732,redis.io
4733,copart.com
4734,amazonsilk.com
4735,swishapps.ai
4736,rd.com
4737,allianz.com
4738,queniurc.com
4739,srf.ch
4740,revjet.com
4741,myway.com
4742,usertesting.com
4743,itunes.com
4744,onlamp.com
4745,smashingmagazine.com
4746,formstack.com
4747,actionverb.com
4748,men.gov.ma
4749,circleci.com
4750,amplreq.com
4751,dns.ne.jp
4752,freetype.org
4753,lura.live
4754,nber.org
4755,rustdesk.com
4756,buienradar.nl
4757,roche.com
4758,spectraguard.net
4759,kas-labs.com
4760,respawn.com
4761,detik.com
4762,wurl.tv
4763,stitcher.com
4764,youboranqs01.com
4765,deccanherald.com
4766,michigan.gov
4767,hatenablog.com
4768,streamable.com
4769,tn.gov
4770,youversionapi.com
4771,shopee.io
4772,pushimg.com
4773,mlive.com
4774,pushd.com
4775,ocs.ru
4776,mentalfloss.com
4777,cdn.house
4778,poste.it
4779,opera-mini.net
4780,passfixx.com
4781,harborfreight.com
4782,playfamily.ru
4783,zazzle.com
4784,milf33.com
4785,imoim.net
4786,kingsgroupgames.com
4787,paddypower.com
4788,sog.net
4789,globalsign.net
4790,indeed.net
4791,googlehosted.com
4792,ghostery.com
4793,buffalo.edu
4794,linkr.bio
4795,wwiops.io
4796,getui.com
4797,china.com.cn
4798,keydisk.ru
4799,xboxab.com
4800,radiofrance.fr
4801,imperial.ac.uk
4802,viglink.com
4803,canadiantire.ca
4804,shopifykloud.com
4805,aruba.it
4806,enlightenment.org
4807,www.gob.mx
4808,dazn.com
4809,dssott.com
4810,webdav.org
4811,pendingrenewaldeletion.com
4812,interfax.ru
4813,linewize.net
4814,gmu.edu
4815,cash.app
4816,cafebazaar.ir
4817,ksmobile.com
4818,bhg.com
4819,apptimize.com
4820,bangcdn.net
4821,theage.com.au
4822,suntimes.com
4823,bible.com
4824,publicdnsservice.com
4825,test.com
4826,crcldu.com
4827,hyundai.com
4828,msdmanuals.com
4829,samsungotn.net
4830,elperiodico.com
4831,monster.com
4832,barracudanetworks.com
4833,global-e.com
4834,blackboard.com
4835,desync.com
4836,tmdb.org
4837,stripchatgirls.com
4838,weightwatchers.com
4839,altibbi.com
4840,hisavana.com
4841,aig.com
4842,alibabausercontent.com
4843,preply.com
4844,usp.br
4845,atera.com
4846,habr.com
4847,upstart.com
4848,coursehero.com
4849,storysaver.net
4850,eufylife.com
4851,animeflv.net
4852,blogspot.com.es
4853,mobilityware.com
4854,fiscloudservices.com
4855,pushy.io
4856,wordfence.com
4857,vulture.com
4858,benzinga.com
4859,wsimg.com
4860,cldin.eu
4861,lalapush.com
4862,pushpong.net
4863,fastcgi.com
4864,ecombdapi.com
4865,therealreal.com
4866,faceueditor.com
4867,pixbet.com
4868,scopus.com
4869,heroku.com
4870,acast.com
4871,ohio.gov
4872,asuscomm.com
4873,jitsi.net
4874,bikewale.com
4875,classlink.io
4876,amung.us
4877,freedesktop.org
4878,westernunion.com
4879,byspotify.com
4880,f2pool.com
4881,pmjay.gov.in
4882,myqnapcloud.com
4883,we.tl
4884,dns04.com
4885,samhsa.gov
4886,c212.net
4887,bcg.com
4888,doubtnut.com
4889,aarnet.net.au
4890,wscdns.com
4891,webengage.com
4892,genial.ly
4893,extra.cz
4894,eltiempo.com
4895,modsecurity.org
4896,sharechat.com
4897,lk21official.mom
4898,powerplatform.com
4899,tiny.cc
4900,zotero.org
4901,ovotech.org.uk
4902,kustomerapp.com
4903,queniuuf.com
4904,tradingeconomics.com
4905,alcmpn.com
4906,gboxlab.com
4907,arte.tv
4908,filezilla-project.org
4909,royalsocietypublishing.org
4910,elementor.com
4911,rsasecurity.com
4912,porno-zona.com
4913,20min.ch
4914,accessdomain.com
4915,pangle-b.io
4916,taoxh.life
4917,partner.co.il
4918,dyndns.com
4919,cometchat.io
4920,freshsexvideos.com
4921,wolfram.com
4922,disney-plus.net
4923,filesusr.com
4924,gsu.edu
4925,securedvisit.com
4926,sfndns.cn
4927,real.com
4928,thescore.com
4929,dome9.com
4930,megaphone.fm
4931,appfolio.com
4932,uu.nl
4933,douyinvod.com
4934,scotiabank.com
4935,spbtv.com
4936,virustotal.com
4937,atos.net
4938,lfstrm.tv
4939,chrome.com
4940,ytmp3.nu
4941,rae.es
4942,self.com
4943,ivideon.com
4944,gulfsexxx.com
4945,torproject.org
4946,diigo.com
4947,kandji.io
4948,teachable.com
4949,invisalign.com
4950,negozioxporn.com
4951,video-voip.com
4952,aliapp.org
4953,gopro.com
4954,skypeassets.com
4955,sexelarab.com
4956,pinduoduo.com
4957,bentley.com
4958,producthunt.com
4959,cadenaser.com
4960,cbs.com
4961,digbearings.com
4962,exitgames.com
4963,infura.io
4964,walmart.ca
4965,website-files.com
4966,signupgenius.com
4967,cdnhwc7.com
4968,panorama9.com
4969,adtidy.org
4970,dtscout.com
4971,swiftycdn.net
4972,lapresse.ca
4973,counterpane.com
4974,psychcentral.com
4975,nettruyenbb.com
4976,insops.net
4977,pomorska.pl
4978,vnn.vn
4979,xham.live
4980,zoomus.cn
4981,haaretz.com
4982,defybrick.com
4983,ku42hjr2e.com
4984,wsdvs.info
4985,sleepycat.com
4986,freep.com
4987,cntraveler.com
4988,rtmark.net
4989,helium.io
4990,ctrip.com
4991,mercadopago.com
4992,goto.com
4993,blick.ch
4994,athemes.com
4995,bspb.ru
4996,accompany.com
4997,yksdks.com
4998,sage.com
4999,devicetask.com
5000,alamy.com