1,google.com
2,microsoft.com
3,facebook.com
4,mail.ru
5,apple.com
6,dzen.ru
7,youtube.com
8,googleapis.com
9,azure.com
10,twitter.com
11,instagram.com
12,cloudflare.com
13,gstatic.com
14,office.com
15,linkedin.com
16,live.com
17,googletagmanager.com
18,doubleclick.net
19,fbcdn.net
20,amazon.com
21,googleusercontent.com
22,wikipedia.org
23,bing.com
24,fastly.net
25,wordpress.org
26,googlesyndication.com
27,icloud.com
28,sharepoint.com
29,github.com
30,youtu.be
31,whatsapp.net
32,pinterest.com
33,netflix.com
34,digicert.com
35,yahoo.com
36,appsflyersdk.com
37,goo.gl
38,spotify.com
39,vimeo.com
40,tiktokv.com
41,skype.com
42,whatsapp.com
43,google-analytics.com
44,bit.ly
45,msn.com
46,zoom.us
47,wordpress.com
48,gandi.net
49,nic.ru
50,cloudflare.net
51,yandex.net
52,ntp.org
53,office365.com
54,tiktok.com
55,roblox.com
56,qq.com
57,blogspot.com
58,cloudflare-dns.com
59,mozilla.org
60,reddit.com
61,unity3d.com
62,opera.com
63,workers.dev
64,x.com
65,googleadservices.com
66,baidu.com
67,europa.eu
68,snapchat.com
69,samsung.com
70,googledomains.com
71,intuit.com
72,amazon-adsystem.com
73,dropbox.com
74,t.me
75,wa.me
76,outlook.com
77,mts.ru
78,vk.com
79,gravatar.com
80,tumblr.com
81,github.io
82,app-measurement.com
83,lencr.org
84,ui.com
85,app-analytics-services.com
86,sentry.io
87,windows.com
88,dns.google
89,userapi.com
90,nytimes.com
91,criteo.com
92,forms.gle
93,apache.org
94,paypal.com
95,xiaomi.com
96,epicgames.com
97,flickr.com
98,pki.goog
99,archive.org
100,nist.gov
101,applovin.com
102,one.one
103,medium.com
104,webex.com
105,cnn.com
106,health.mil
107,forbes.com
108,casalemedia.com
109,soundcloud.com
110,t.co
111,meraki.com
112,okcdn.ru
113,aliyuncs.com
114,adriver.ru
115,wildberries.ru
116,theguardian.com
117,nginx.org
118,miui.com
119,doubleverify.com
120,myfritz.net
121,taboola.com
122,adobe.io
123,android.com
124,w3.org
125,ebay.com
126,gmail.com
127,sciencedirect.com
128,yandex.ru
129,rubiconproject.com
130,nginx.com
131,kaspersky.com
132,bbc.co.uk
133,bbc.com
134,creativecommons.org
135,t-online.de
136,twitch.tv
137,cisco.com
138,ozon.ru
139,imdb.com
140,sourceforge.net
141,mit.edu
142,amazonvideo.com
143,ivi.ru
144,roku.com
145,shopify.com
146,scorecardresearch.com
147,researchgate.net
148,ubuntu.com
149,pubmatic.com
150,b-cdn.net
151,ring.com
152,who.int
153,hubspot.com
154,doi.org
155,wikimedia.org
156,googleblog.com
157,canva.com
158,launchdarkly.com
159,go.com
160,tinyurl.com
161,linktr.ee
162,hp.com
163,issuu.com
164,ampproject.org
165,crashlytics.com
166,slack.com
167,businessinsider.com
168,nasa.gov
169,example.com
170,cdc.gov
171,openx.net
172,oracle.com
173,opendns.com
174,telekom.net
175,booking.com
176,discord.com
177,taobao.com
178,avast.com
179,harvard.edu
180,weebly.com
181,appsflyer.com
182,3lift.com
183,reuters.com
184,espn.com
185,stripe.com
186,adsrvr.org
187,discord.gg
188,mzstatic.com
189,wiley.com
190,lenta.tech
191,amazon.co.uk
192,google.com.br
193,drom.ru
194,grammarly.com
195,arubanetworks.com
196,www.gov.uk
197,dailymail.co.uk
198,slideshare.net
199,sharethrough.com
200,media.net
201,weibo.com
202,appcenter.ms
203,bidswitch.net
204,steampowered.com
205,openai.com
206,ibm.com
207,netangels.ru
208,nature.com
209,bloomberg.com
210,usatoday.com
211,wsj.com
212,inmobi.com
213,reg.ru
214,dailymotion.com
215,adsafeprotected.com
216,smartadserver.com
217,online.net
218,un.org
219,springer.com
220,etsy.com
221,telegraph.co.uk
222,1c.ru
223,f5.com
224,shalltry.com
225,dotomi.com
226,vungle.com
227,php.net
228,weather.com
229,pages.dev
230,wp.com
231,google.de
232,mi.com
233,zendesk.com
234,chatgpt.com
235,pixabay.com
236,notamedia.ru
237,unsplash.com
238,outbrain.com
239,gnu.org
240,stanford.edu
241,id5-sync.com
242,stackoverflow.com
243,yximgs.com
244,mozilla.com
245,forter.com
246,cpanel.net
247,independent.co.uk
248,cnbc.com
249,gosuslugi.ru
250,autodesk.com
251,eventbrite.com
252,moe.video
253,consultant.ru
254,sohu.com
255,ok.ru
256,checkpoint.com
257,eset.com
258,google.co.uk
259,telekom.de
260,aliexpress.com
261,tp-link.com
262,dnsmadeeasy.com
263,quora.com
264,braze.com
265,npr.org
266,dell.com
267,lijit.com
268,statista.com
269,lenta.com
270,tradingview.com
271,t-mobile.com
272,indeed.com
273,amazon.de
274,goodreads.com
275,foxnews.com
276,myshopify.com
277,tripadvisor.com
278,rambler.ru
279,globo.com
280,bilibili.com
281,walmart.com
282,duckduckgo.com
283,naver.com
284,giphy.com
285,yahoo.co.jp
286,quantserve.com
287,indexww.com
288,g.page
289,nvidia.com
290,huawei.com
291,telegram.org
292,aliyun.com
293,teamviewer.com
294,addtoany.com
295,entrust.net
296,imgsmail.ru
297,wired.com
298,time.com
299,intel.com
300,amzn.to
301,comfortel.pro
302,wix.com
303,blogger.com
304,temu.com
305,debian.org
306,alibaba.com
307,adform.net
308,telegram.me
309,verisign.com
310,mikrotik.com
311,launchpad.net
312,speedtest.net
313,surveymonkey.com
314,mayoclinic.org
315,ngenix.net
316,scribd.com
317,behance.net
318,aol.com
319,cnet.com
320,mediatek.com
321,duckdns.org
322,ft.com
323,onlinepbx.ru
324,duolingo.com
325,calendly.com
326,cloud.microsoft
327,squarespace.com
328,indiatimes.com
329,360yield.com
330,ys7.com
331,google.com.hk
332,elisa.fi
333,ted.com
334,trendmicro.com
335,disqus.com
336,hotjar.com
337,google.ca
338,nypost.com
339,delfi.lt
340,uol.com.br
341,icloud-content.com
342,branch.io
343,google.fr
344,att.net
345,aboutads.info
346,mysql.com
347,imgur.com
348,digitalocean.com
349,virtualearth.net
350,deepintent.com
351,noaa.gov
352,deviantart.com
353,mailchimp.com
354,oup.com
355,onetrust.com
356,amazontrust.com
357,trustpilot.com
358,vkontakte.ru
359,buzzfeed.com
360,google.co.jp
361,amazon.co.jp
362,freepik.com
363,kaspi.kz
364,conviva.com
365,ca.gov
366,steamcommunity.com
367,patreon.com
368,tandfonline.com
369,nike.com
370,atlassian.com
371,playstation.com
372,line.me
373,visualstudio.com
374,xhamster.com
375,cbsnews.com
376,tds.net
377,loc.gov
378,jquery.com
379,rakuten.co.jp
380,berkeley.edu
381,sapo.pt
382,ietf.org
383,paloaltonetworks.com
384,rt.ru
385,newsweek.com
386,mega.co.nz
387,sina.com.cn
388,yieldmo.com
389,netflix.net
390,merriam-webster.com
391,cornell.edu
392,yandex.com
393,amplitude.com
394,britannica.com
395,warnerbros.com
396,cookielaw.org
397,qualtrics.com
398,techcrunch.com
399,shutterstock.com
400,yelp.com
401,ezvizlife.com
402,marriott.com
403,ikea.com
404,stackadapt.com
405,newrelic.com
406,cookiedatabase.org
407,docker.com
408,tapad.com
409,wattpad.com
410,livejournal.com
411,google.es
412,uber.com
413,fb.com
414,blueapron.com
415,google.co.in
416,myspace.com
417,free.fr
418,theverge.com
419,latimes.com
420,fontawesome.com
421,webmd.com
422,timeweb.ru
423,nbcnews.com
424,google.it
425,amazon.fr
426,amazon.ca
427,fandom.com
428,okta.com
429,deepl.com
430,optimizely.com
431,ieee.org
432,wb.ru
433,crpt.ru
434,pinimg.com
435,elpais.com
436,w3schools.com
437,jotform.com
438,bigo.sg
439,hostgator.com
440,prnewswire.com
441,withgoogle.com
442,sagepub.com
443,coinmarketcap.com
444,target.com
445,amazon.in
446,samsungapps.com
447,cambridge.org
448,investopedia.com
449,allaboutcookies.org
450,bestbuy.com
451,33across.com
452,browser-intake-datadoghq.com
453,xvideos.com
454,hbr.org
455,erome.com
456,intercom.io
457,service.gov.uk
458,klaviyo.com
459,gumgum.com
460,mediafire.com
461,fda.gov
462,avito.ru
463,unesco.org
464,eeroup.com
465,contextweb.com
466,zemanta.com
467,shein.com
468,healthline.com
469,life360.com
470,vivoglobal.com
471,usda.gov
472,brave.com
473,appspot.com
474,washington.edu
475,oraclecloud.com
476,datadoghq.com
477,fast.com
478,dynatrace.com
479,homedepot.com
480,pandora.com
481,rutube.ru
482,anydesk.com
483,clever.com
484,theatlantic.com
485,cdnvideo.ru
486,nationalgeographic.com
487,stbid.ru
488,spiegel.de
489,box.com
490,viber.com
491,huffingtonpost.com
492,mixpanel.com
493,shopee.co.id
494,mlb.com
495,people.com
496,ya.ru
497,nikkei.com
498,a-mo.net
499,miwifi.com
500,plesk.com
501,mailchi.mp
502,sberdevices.ru
503,zillow.com
504,pendo.io
505,gitlab.com
506,rbc.ru
507,fiverr.com
508,bandcamp.com
509,bugsnag.com
510,tremorhub.com
511,themeforest.net
512,kargo.com
513,kahoot.it
514,usps.com
515,hugedomains.com
516,google.cn
517,bitdefender.com
518,globalsign.com
519,discordapp.com
520,cloudflareinsights.com
521,amazon.it
522,riotgames.com
523,onlyfans.com
524,supercell.com
525,news.com.au
526,xnxx.com
527,upwork.com
528,heylink.me
529,youku.com
530,me.com
531,amazon.es
532,google.pl
533,airbnb.com
534,quickconnect.to
535,teads.tv
536,onetag-sys.com
537,liftoff.io
538,redhat.com
539,canonical.com
540,flashtalking.com
541,epa.gov
542,unrulymedia.com
543,mgid.com
544,change.org
545,princeton.edu
546,recaptcha.net
547,worldbank.org
548,bild.de
549,kickstarter.com
550,bootstrapcdn.com
551,huffpost.com
552,ebay.co.uk
553,hihonorcloud.com
554,iso.org
555,pbs.org
556,shopee.com.br
557,lefigaro.fr
558,unpkg.com
559,lenovo.com
560,arxiv.org
561,sitescout.com
562,zoho.com
563,whitehouse.gov
564,hilton.com
565,instructure.com
566,fbsbx.com
567,ad.gt
568,pornhub.com
569,spamhaus.org
570,ameblo.jp
571,netgear.com
572,2gis.com
573,att.com
574,aniview.com
575,rackspace.com
576,google.com.mx
577,intentiq.com
578,bankofamerica.com
579,arcgis.com
580,academia.edu
581,primevideo.com
582,mobile.de
583,google.com.tr
584,classlink.com
585,allegro.pl
586,tinkoff.ru
587,mdpi.com
588,vivo.com.cn
589,disneyplus.com
590,typeform.com
591,sonobi.com
592,adjust.com
593,substack.com
594,otto.de
595,statcounter.com
596,hindustantimes.com
597,perfectdomain.com
598,state.gov
599,genius.com
600,name.com
601,amazon.com.br
602,va.gov
603,rapid7.com
604,wp.pl
605,ioam.de
606,cloudns.net
607,biblegateway.com
608,btloader.com
609,wyzecam.com
610,daum.net
611,kohls.com
612,chaturbate.com
613,firefox.com
614,service-now.com
615,realtor.com
616,discogs.com
617,mirtesen.ru
618,infonline.de
619,adroll.com
620,apnews.com
621,fedex.com
622,smartthings.com
623,badoo.com
624,columbia.edu
625,utorrent.com
626,chartboost.com
627,repubblica.it
628,deloitte.com
629,hm.com
630,kwai.com
631,synology.com
632,maricopa.gov
633,alidns.com
634,ubnt.com
635,rspamd.com
636,atlassian.net
637,economist.com
638,weforum.org
639,nest.com
640,onet.pl
641,redd.it
642,seznam.cz
643,mob.com
644,pccc.com
645,bitrix24.ru
646,innovid.com
647,youronlinechoices.com
648,pikabu.ru
649,markmonitor.com
650,character.ai
651,fb.me
652,instabug.com
653,apple.news
654,alphonso.tv
655,corriere.it
656,bluehost.com
657,elmundo.es
658,ip-api.com
659,heytapmobi.com
660,skroutz.gr
661,churnzero.net
662,xfinity.com
663,mercadolivre.com.br
664,openstreetmap.org
665,vmware.com
666,shopeemobile.com
667,cpi.ad.jp
668,sharethis.com
669,quizlet.com
670,dribbble.com
671,redfin.com
672,pusher.com
673,binance.com
674,umich.edu
675,capcut.com
676,chess.com
677,ancestry.com
678,hotmail.com
679,amazon.com.mx
680,redislabs.com
681,onesignal.com
682,pexels.com
683,betweendigital.com
684,eporner.com
685,ebay.de
686,mercadolibre.com.ar
687,ovh.net
688,theconversation.com
689,www.gov.br
690,pixiv.net
691,businesswire.com
692,si.com
693,agoda.com
694,macys.com
695,vkuseraudio.net
696,business.site
697,xing.com
698,francetvinfo.fr
699,wikihow.com
700,geeksforgeeks.org
701,spankbang.com
702,interia.pl
703,psychologytoday.com
704,poki.com
705,ecosia.org
706,kontur.ru
707,readthedocs.io
708,adtrafficquality.google
709,mongodb.com
710,marca.com
711,split.io
712,chartbeat.com
713,cloudinary.com
714,idnes.cz
715,tplinkcloud.com
716,fortune.com
717,postrelease.com
718,jimdo.com
719,flipkart.com
720,domainmarket.com
721,segment.io
722,gofundme.com
723,trendyol.com
724,akismet.com
725,bol.com
726,quizizz.com
727,immunet.com
728,olx.com.br
729,mastercard.com
730,nexusmods.com
731,constantcontact.com
732,screenrant.com
733,epicgames.dev
734,jd.com
735,moneycontrol.com
736,infobae.com
737,yale.edu
738,apa.org
739,sportybet.com
740,as.com
741,dyndns.org
742,linode.com
743,ipify.org
744,discord.media
745,goal.com
746,ilovepdf.com
747,sportskeeda.com
748,evernote.com
749,uchi.ru
750,surfshark.com
751,auvik.com
752,terra.com.br
753,abc.net.au
754,bfmtv.com
755,gdemoideti.ru
756,bitdefender.net
757,biomedcentral.com
758,eepurl.com
759,plos.org
760,cloud.com
761,frontiersin.org
762,dreamhost.com
763,news18.com
764,ox.ac.uk
765,gsmarena.com
766,meethue.com
767,agora.io
768,xhcdn.com
769,letterboxd.com
770,digitaloceanspaces.com
771,newyorker.com
772,quillbot.com
773,statuspage.io
774,curseforge.com
775,python.org
776,google.ru
777,beget.com
778,clarin.com
779,n-tv.de
780,psu.edu
781,marketwatch.com
782,aparat.com
783,hostgator.com.br
784,datadome.co
785,getpocket.com
786,wps.com
787,leboncoin.fr
788,cspserver.net
789,dmm.co.jp
790,lanacion.com.ar
791,ameba.jp
792,gismeteo.ru
793,vivo.com
794,aftonbladet.se
795,20minutos.es
796,apkpure.com
797,finn.no
798,docomo.ne.jp
799,dw.com
800,kleinanzeigen.de
801,yimg.com
802,ubi.com
803,hulu.com
804,amazon.com.tr
805,elconfidencial.com
806,nic.do
807,archiveofourown.org
808,dafont.com
809,udn.com
810,ad.nl
811,asu.edu
812,onedrive.com
813,olx.pl
814,vg.no
815,bmj.com
816,jstor.org
817,india.com
818,coursera.org
819,telegraaf.nl
820,wise.com
821,flashscore.com
822,sahibinden.com
823,dns-shop.ru
824,creditkarma.com
825,magazineluiza.com.br
826,skyhigh.cloud
827,hltv.org
828,nu.nl
829,pornpics.com
830,rule34.xxx
831,upenn.edu
832,zoom.com
833,boyfriendtv.com
834,betano.com
835,ixl.com
836,tabelog.com
837,wowhead.com
838,hurriyet.com.tr
839,rightmove.co.uk
840,itmedia.co.jp
841,nhentai.net
842,xhamster.desi
843,zdnet.com
844,vnexpress.net
845,notion.so
846,irs.gov
847,tagesschau.de
848,blizzard.com
849,espncricinfo.com
850,remove.bg
851,sportingbet.com
852,faphouse.com
853,ynet.co.il
854,hitomi.la
855,vice.com
856,cricbuzz.com
857,blooket.com
858,trustarc.com
859,cookpad.com
860,mercadolibre.com.mx
861,fb.watch
862,varzesh3.com
863,gazzetta.it
864,livescore.com
865,acesso.gov.br
866,digikala.com
867,sendgrid.net
868,furaffinity.net
869,bet365.com
870,fdown.net
871,ixbt.com
872,studocu.com
873,sciencedaily.com
874,txnhh.com
875,hepsiburada.com
876,meetup.com
877,missav.com
878,presage.io
879,xvv1deos.com
880,lichess.org
881,zhihu.com
882,yandexadexchange.net
883,megafon.ru
884,ertelecom.ru
885,divar.ir
886,youporn.com
887,mundodeportivo.com
888,fanfiction.net
889,nic.io
890,mhverifier.ru
891,ukr.net
892,fetlife.com
893,esportesdasorte.com
894,redtube.com
895,marktplaats.nl
896,tribunnews.com
897,betnacional.com
898,7games.bet
899,fr.de
900,tabor.ru
901,hln.be
902,richaudience.com
903,indiamart.com
904,milliyet.com.tr
905,ucla.edu
906,spectrum.com
907,idealista.com
908,rule34video.com
909,ebay.it
910,adrta.com
911,cox.net
912,mashable.com
913,coomer.su
914,argos.co.uk
915,pluto.tv
916,ladepeche.fr
917,about.com
918,coolmathgames.com
919,cnnbrasil.com.br
920,meesho.com
921,4chan.org
922,jut.su
923,kemono.su
924,pewresearch.org
925,byjus.com
926,donga.com
927,ntppool.org
928,sport.es
929,tvn24.pl
930,mbga.jp
931,actu.fr
932,nintendo.com
933,noodlemagazine.com
934,wisc.edu
935,credit-agricole.fr
936,nesine.com
937,avira.com
938,russianfood.com
939,typepad.com
940,starfall.com
941,medicalnewstoday.com
942,bilibili.tv
943,futbin.com
944,namu.wiki
945,dcinside.com
946,oneindia.com
947,jusbrasil.com.br
948,dlsite.com
949,donmai.us
950,zalando.de
951,tsn.ua
952,youjizz.com
953,mynet.com
954,hotpepper.jp
955,novinky.cz
956,thisvid.com
957,ilmessaggero.it
958,starmakerstudios.com
959,gelbooru.com
960,datto.com
961,unifi-ai.com
962,dantri.com.vn
963,aternos.org
964,g.co
965,imhentai.xxx
966,xhamster2.com
967,deezer.com
968,funpay.com
969,fastcompany.com
970,coinbase.com
971,sedo.com
972,videy.co
973,cardgames.io
974,litnet.com
975,dagbladet.no
976,cdiscount.com
977,cdek.ru
978,oecd.org
979,haberler.com
980,iltalehti.fi
981,sanook.com
982,liteapks.com
983,metropoles.com
984,e-hentai.org
985,24h.com.vn
986,asuracomic.net
987,hianime.to
988,superporn.com
989,iporntv.net
990,turkiye.gov.tr
991,nikkansports.com
992,khabaronline.ir
993,ixxx.com
994,xnxx.es
995,n-able.com
996,xnxx2.com
997,nairaland.com
998,cnnindonesia.com
999,auone.jp
1000,emag.ro
1001,sexvid.xxx
1002,jable.tv
1003,cloudflareclient.com
1004,fmkorea.com
1005,xnxx.tv
1006,hdtube.porn
1007,18comic.vip
1008,pornhub.org
1009,ficbook.net
1010,index.hr
1011,xnxx.health
1012,subito.it
1013,wordwall.net
1014,fapello.com
1015,xnxx-arabic.com
1016,fanpage.it
1017,weathernews.jp
1018,xhwide5.com
1019,hanime1.me
1020,tenki.jp
1021,lwsdns.com
1022,syosetu.com
1023,fatalmodel.com
1024,inven.co.kr
1025,sozcu.com.tr
1026,rusoska.mobi
1027,hollywoodbets.net
1028,cnbcindonesia.com
1029,trello.com
1030,ilmeteo.it
1031,uidai.gov.in
1032,cronista.com
1033,jagran.com
1034,protothema.gr
1035,shahvani.com
1036,typing.com
1037,singular.net
1038,leroymerlin.fr
1039,eltiempo.es
1040,sciencemag.org
1041,imagefap.com
1042,otomoto.pl
1043,nitrotype.com
1044,idealista.it
1045,jutarnji.hr
1046,motherless.com
1047,gst.gov.in
1048,ekstrabladet.dk
1049,1mg.com
1050,bookmyshow.com
1051,manoramaonline.com
1052,blic.rs
1053,kooora.com
1054,sinsay.com
1055,e621.net
1056,bato.to
1057,snaptik.app
1058,spot.im
1059,3bmeteo.com
1060,tokyomotion.net
1061,admin.ch
1062,ssstik.io
1063,game8.jp
1064,eenadu.net
1065,luxuretv.com
1066,sexlog.com
1067,gamewith.jp
1068,zearn.org
1069,happymod.com
1070,xhamster1.desi
1071,myreadingmanga.info
1072,namasha.com
1073,livechatinc.com
1074,mediaexpert.pl
1075,znanija.com
1076,umbrella.com
1077,mangago.me
1078,almasryalyoum.com
1079,9animetv.to
1080,xxxbp.tv
1081,mangabuddy.com
1082,onlinesbi.sbi
1083,fuq.com
1084,xhamster19.com
1085,thisav.com
1086,fantia.jp
1087,simpcity.su
1088,xxxi.porn
1089,porn300.com
1090,sxyprn.com
1091,aniwatchtv.to
1092,pussyspace.com
1093,marmiton.org
1094,librus.pl
1095,rakuten-sec.co.jp
1096,cityheaven.net
1097,snapinsta.app
1098,boardgamearena.com
1099,goojara.to
1100,kompoz2.com
1101,betway.co.za
1102,ndmais.com.br
1103,expedia.com
1104,xvideos2.com
1105,serviporno.com
1106,mat6tube.com
1107,science.org
1108,jav.guru
1109,elsevier.com
1110,tukif.com
1111,suumo.jp
1112,exhentai.org
1113,spankbang.party
1114,programme-tv.net
1115,njav.tv
1116,lausd.net
1117,xvideos.es
1118,mechacomic.jp
1119,prokerala.com
1120,xxx18.uno
1121,xvideos3.com
1122,rat.xxx
1123,uci.edu
1124,pussyboy.net
1125,kidsa-z.com
1126,zonatmo.com
1127,supjav.com
1128,ninisite.com
1129,carsensor.net
1130,aajtak.in
1131,sakura.ne.jp
1132,sexvid.pro
1133,sexallarab.com
1134,qorno.com
1135,brainly.in
1136,wnacg.com
1137,sex-arebi.com
1138,hot-sex-tube.com
1139,mangalib.me
1140,arabsex.to
1141,sexalarab.com
1142,sidrachain.com
1143,brainly.com.br
1144,taktube.net
1145,toyhou.se
1146,beboo.ru
1147,property24.com
1148,listcrawler.eu
1149,pornocarioca.com
1150,freeip.me
1151,gartner.com
1152,livehindustan.com
1153,azet.sk
1154,saednews.com
1155,gdz.ru
1156,epfindia.gov.in
1157,ruliweb.com
1158,brainly.co.id
1159,carwale.com
1160,typekit.com
1161,smi2.net
1162,netkeiba.com
1163,betika.com
1164,nps.gov
1165,69shuba.cx
1166,ucweb.com
1167,joyclub.de
1168,hochi.news
1169,xxxvideo.link
1170,wto.to
1171,livescore.in
1172,an1.com
1173,mto.to
1174,altibbi.com
1175,dto.to
1176,www.gob.mx
1177,mangatoto.com
1178,alura.com.br
1179,battwo.com
1180,casinoplus.com.ph
1181,onelink.me
1182,doubtnut.com
1183,sports.kz
1184,patria.org.ve
1185,tvonenews.com
1186,rioxh.site
1187,imgsrc.ru
1188,theqoo.net
1189,skipthegames.com
1190,faradeed.ir
1191,bingoplus.com
1192,xosodaiphat.com
1193,chordtela.com
1194,forebet.com
1195,aljazeera.com
1196,hoyoverse.com
1197,njuskalo.hr
1198,kakuyomu.jp
1199,bikewale.com
1200,ladies.de
1201,fabswingers.com
1202,fanmtl.com
1203,hentai.name
1204,twilio.com
1205,truyenfull.io
1206,manhwaclan.com
1207,syosetu.org
1208,screener.in
1209,fastdl.app
1210,seexh.com
1211,conectate.com.do
1212,skokka.com
1213,52shuku.vip
1214,spaggiari.eu
1215,simontokx.online
1216,zbato.org
1217,piccoma.com
1218,kamababa.desi
1219,arca.live
1220,doujindesu.tv
1221,vietjack.com
1222,xoso.com.vn
1223,tktube.com
1224,diziwatch.net
1225,musicza.co.za
1226,xpaja.net
1227,apornvideo.com
1228,trellix.com
1229,diretta.it
1230,publi24.ro
1231,emaktab.uz
1232,abozeb.com
1233,wuxiabox.com
1234,list.am
1235,happymh.com
1236,zbporn.tv
1237,vlxx.mx
1238,shinigami05.com
1239,ecnavi.jp
1240,czbooks.net
1241,truyenqqto.com
1242,rexporn.sex
1243,algolia.net
1244,freepornvideo.sex
1245,arbada.com
1246,nz.ua
1247,sexemodel.com
1248,confirmtkt.com
1249,goal3.co
1250,promiedos.com.ar
1251,pornhat.one
1252,xnxx3.com
1253,fabguys.com
1254,nosv.org
1255,porno18.site
1256,550909.com
1257,rajwap.cc
1258,tjk.org
1259,carteldemanhwas.com
1260,evexxx.com
1261,sexsati.com
1262,grapee.jp
1263,dewafilm.xyz
1264,tmohentai.com
1265,momon-ga.com
1266,bpexch.com
1267,okxxx2.com
1268,mydesi.sbs
1269,playtime.ph
1270,scan-manga.com
1271,webxseries.com.co
1272,ojogodobicho.com
1273,betpawa.ug
1274,wapbold.net
1275,clip2vip.com
1276,flashscore.pl
1277,betpawa.co.tz
1278,olimpbet.kz
1279,autoplius.lt
1280,ss.com
1281,escortbabylon.net
1282,cam.ac.uk
1283,skelbiu.lt
1284,jra.jp
1285,xxxhindi.to
1286,humoruniv.com
1287,xbanxia.com
1288,av19.gg
1289,girlschannel.net
1290,dogdrip.net
1291,123-hd.com
1292,shaalaa.com
1293,heovl.blog
1294,letras.mus.br
1295,tamildhool.net
1296,dto.jp
1297,tuazar.com
1298,escort.club
1299,enabiz.gov.tr
1300,site777.jp
1301,phe18.vip
1302,sarkariresult.com
1303,jetbrains.com
1304,flashscore.fr
1305,xhtab4.com
1306,boatrace.jp
1307,vailonxx.vip
1308,bakecaincontrii.com
1309,bakusai.com
1310,gekso.xyz
1311,thscore.mobi
1312,geny.com
1313,gimy.ai
1314,bkn.go.id
1315,tubepatrol.cc
1316,animanch.com
1317,wannonce.com
1318,tubidy.cool
1319,alldesiporn.com
1320,annunci69.it
1321,in3x.net
1322,xxxsexjav.com
1323,desitelugusex.com
1324,freesexkahani.com
1325,kkstories.com
1326,turbo.az
1327,dpbossss.services
1328,tjsp.jus.br
1329,sattasport.in
1330,2moviesda.com
1331,satta-king-fixed-no.in
1332,sattamatkachart.in
1333,isaidub9.com
1334,lotterysambadresult.in
1335,yatv.red
1336,xvideosporno.blog.br
1337,funinexchange.com
1338,satta-king-fast.com
1339,spboss.in
1340,playinexch.com
1341,cedexis-test.com
1342,sattamatkano1.me
1343,kolkataff.in
1344,connatix.com
1345,ibommaone.in
1346,xiaohongshu.com
1347,beget.ru
1348,nregastrep.nic.in
1349,alipay.com
1350,oreilly.com
1351,inc.com
1352,app.link
1353,adtelligent.com
1354,ftc.gov
1355,acs.org
1356,vox.com
1357,wiktionary.org
1358,he.net
1359,mega.nz
1360,sky.com
1361,truste.com
1362,swiftkey.com
1363,scientificamerican.com
1364,excite.co.jp
1365,sun.com
1366,samsungknox.com
1367,fc2.com
1368,simpli.fi
1369,norton.com
1370,tripod.com
1371,afternic.com
1372,variety.com
1373,medallia.com
1374,splashtop.com
1375,utexas.edu
1376,livedoor.com
1377,acronis.com
1378,craigslist.org
1379,verizon.com
1380,telegra.ph
1381,adsco.re
1382,figma.com
1383,mirror.co.uk
1384,iana.org
1385,sweb.ru
1386,here.com
1387,calculator.net
1388,jwplayer.com
1389,cmu.edu
1390,eff.org
1391,gizmodo.com
1392,iponweb.net
1393,quantummetric.com
1394,fao.org
1395,sfgate.com
1396,sogou.com
1397,hoster.kz
1398,goguardian.com
1399,wpengine.com
1400,mojohost.com
1401,wetter.com
1402,dns.com
1403,matterport.com
1404,plex.tv
1405,nba.com
1406,udemy.com
1407,slate.com
1408,www.nhs.uk
1409,mathtag.com
1410,politico.com
1411,jwpltx.com
1412,naukri.com
1413,bbb.org
1414,centrastage.net
1415,thelancet.com
1416,jhu.edu
1417,themeisle.com
1418,stackexchange.com
1419,americanexpress.com
1420,thesun.co.uk
1421,fedoraproject.org
1422,adswizz.com
1423,superhosting.bg
1424,google.com.au
1425,garmin.com
1426,elegantthemes.com
1427,feedburner.com
1428,proofpoint.com
1429,keplr.app
1430,sendbird.com
1431,liquipedia.net
1432,battle.net
1433,engadget.com
1434,arstechnica.com
1435,app-analytics-services-att.com
1436,mediago.io
1437,xhamster3.com
1438,simplyhired-staging.com
1439,uchicago.edu
1440,script.ac
1441,neopets.com
1442,aka.ms
1443,techtarget.com
1444,digg.com
1445,google.co.id
1446,canada.ca
1447,letsencrypt.org
1448,mathplayground.com
1449,youm7.com
1450,kernel.org
1451,ed.gov
1452,granbluefantasy.jp
1453,gbnews.com
1454,meb.gov.tr
1455,admanmedia.com
1456,postgresql.org
1457,jamanetwork.com
1458,edna.ru
1459,symantec.com
1460,xbox.com
1461,ajio.com
1462,si.edu
1463,siemens.com
1464,wechat.com
1465,photobucket.com
1466,collegeboard.org
1467,elnacional.cat
1468,mfadsrvr.com
1469,census.gov
1470,coinmaster.com
1471,drweb.com
1472,testbook.com
1473,tarafdari.com
1474,ifilo.net
1475,verkada.com
1476,ringcentral.com
1477,vtb.ru
1478,harimanga.com
1479,pnas.org
1480,usgs.gov
1481,azure.net
1482,google.nl
1483,amap.com
1484,daily.co.jp
1485,mparticle.com
1486,euronews.com
1487,qcloud.com
1488,ijavhd.com
1489,porno666.la
1490,gendai.media
1491,getbootstrap.com
1492,pubnative.net
1493,timeanddate.com
1494,uk.com
1495,squareup.com
1496,xbato.com
1497,house.gov
1498,garena.com
1499,ssl.com
1500,shahrekhabar.com
1501,betking.com
1502,mobile-tracker-free.com
1503,flashscore.com.br
1504,doublelist.com
1505,threads.net
1506,privacymanager.io
1507,loobygameshub.com
1508,tribalfusion.com
1509,acm.org
1510,asus.com
1511,wunderground.com
1512,nettruyenww.com
1513,appier.net
1514,bund.de
1515,1tamilmv.tf
1516,sex-studentki.art
1517,mangaraw.onl
1518,sensic.net
1519,armgs.team
1520,crazyegg.com
1521,globenewswire.com
1522,mapbox.com
1523,wellsfargo.com
1524,eu-1-id5-sync.com
1525,5movierulz.skin
1526,ditnhauvietnam.com
1527,kuttymovies.com.ng
1528,dictionary.com
1529,onlar.az
1530,mmcdn.com
1531,dayroomexquisiteprivatize.com
1532,coingecko.com
1533,kuaishou.com
1534,hhs.gov
1535,segment.com
1536,ria.ru
1537,wetransfer.com
1538,docker.io
1539,guardian.co.uk
1540,ign.com
1541,entrepreneur.com
1542,spaceweb.ru
1543,ovo.id
1544,sc-static.net
1545,ddnss.de
1546,rollingstone.com
1547,springserve.com
1548,adblockplus.org
1549,bitbucket.org
1550,weborama.fr
1551,e-volution.ai
1552,ditnhau.cc
1553,netlify.app
1554,stumbleupon.com
1555,aboutcookies.org
1556,visortmo.com
1557,clevelandclinic.org
1558,ad-delivery.net
1559,xn--l3cg7a8a0cwa3f.com
1560,walkme.com
1561,nubank.com.br
1562,meterai-elektronik.com
1563,filmyfly.wales
1564,vlxx.lol
1565,newtoki462.com
1566,sexhihi.mobi
1567,ico.org.uk
1568,hdhub4u.contact
1569,vegamovies.li
1570,hdhub4u.futbol
1571,newtoki461.com
1572,bokepindoh.best
1573,newtoki460.com
1574,newtoki351.com
1575,xxxhindixxx.co
1576,meituan.com
1577,dondominio.com
1578,screenconnect.com
1579,arizona.edu
1580,istockphoto.com
1581,webs.com
1582,nyu.edu
1583,utoronto.ca
1584,rt.com
1585,hh.ru
1586,adentifi.com
1587,cutt.ly
1588,ufl.edu
1589,amazonaws.com.cn
1590,unicef.org
1591,avito.st
1592,techradar.com
1593,ampproject.net
1594,dynamics.com
1595,bttrack.com
1596,livescience.com
1597,qz.com
1598,wshareit.com
1599,tawk.to
1600,ucsd.edu
1601,stripchat.com
1602,asana.com
1603,illinois.edu
1604,senate.gov
1605,ultradns.com
1606,sec.gov
1607,tynt.com
1608,m.me
1609,logitech.com
1610,bigolive.tv
1611,moengage.com
1612,odoo.com
1613,smh.com.au
1614,prezi.com
1615,yotpo.com
1616,omni.ru
1617,express.co.uk
1618,smadex.com
1619,ubc.ca
1620,kakao.com
1621,adsmoloco.com
1622,adkernel.com
1623,truecaller.com
1624,purdue.edu
1625,ssrn.com
1626,fyber.com
1627,like.video
1628,amocrm.ru
1629,drift.com
1630,gotowebinar.com
1631,iheart.com
1632,coca-cola.com
1633,servicepipe.ru
1634,moodle.org
1635,egnyte.com
1636,indiegogo.com
1637,peacocktv.com
1638,intercom.com
1639,redbull.com
1640,hcaptcha.com
1641,uisp.com
1642,sectigo.com
1643,playrix.com
1644,adp.com
1645,themoviedb.org
1646,overwolf.com
1647,snapkit.com
1648,starlink.com
1649,bizjournals.com
1650,pwc.com
1651,vidoomy.com
1652,mediavine.com
1653,mercadolibre.com
1654,yahoo.net
1655,lego.com
1656,pcmag.com
1657,wikia.com
1658,ssa.gov
1659,ihg.com
1660,glance.net
1661,slackb.com
1662,iqiyi.com
1663,unity.com
1664,khanacademy.org
1665,waze.com
1666,evotor.ru
1667,sportradar.com
1668,bazaarvoice.com
1669,parsely.com
1670,zopim.com
1671,websitewelcome.com
1672,oculus.com
1673,dhs.gov
1674,rakuten.com
1675,miro.com
1676,lnkd.in
1677,jino.ru
1678,msu.edu
1679,axios.com
1680,broadcom.com
1681,clevertap-prod.com
1682,accenture.com
1683,nextdoor.com
1684,hse.ru
1685,usa.gov
1686,superbet.com
1687,a-ads.com
1688,chicagotribune.com
1689,usc.edu
1690,vihub.ru
1691,cedexis.com
1692,nejm.org
1693,fullstory.com
1694,howstuffworks.com
1695,nexon.com
1696,webpkgcache.com
1697,duke.edu
1698,ny.gov
1699,thehill.com
1700,archives.gov
1701,heapanalytics.com
1702,automattic.com
1703,so.com
1704,ucdavis.edu
1705,buydomains.com
1706,anchor.fm
1707,dropcatch.com
1708,ticketmaster.com
1709,unc.edu
1710,acrobat.com
1711,cbr.ru
1712,oppomobile.com
1713,vimeocdn.com
1714,ravm.tv
1715,gallup.com
1716,caiyicloud.com
1717,lge.com
1718,onenote.com
1719,comodoca.com
1720,medlineplus.gov
1721,lg.co.kr
1722,metro.co.uk
1723,hollywoodreporter.com
1724,lastpass.com
1725,colorado.edu
1726,mitre.org
1727,tapjoy.com
1728,today.com
1729,useinsider.com
1730,redditmedia.com
1731,strava.com
1732,iterable.com
1733,schwab.com
1734,nielsen.com
1735,umd.edu
1736,java.com
1737,permutive.app
1738,fotostrana.ru
1739,thetimes.co.uk
1740,samba.tv
1741,smi2.ru
1742,freebsd.org
1743,smilewanted.com
1744,mfms.ru
1745,permutive.com
1746,mixcloud.com
1747,justice.gov
1748,sap.com
1749,scmp.com
1750,seedtag.com
1751,energy.gov
1752,semrush.com
1753,fwmrm.net
1754,glassdoor.com
1755,brightcove.com
1756,bt.com
1757,history.com
1758,nsone.net
1759,example.org
1760,adition.com
1761,welt.de
1762,earthlink.net
1763,icann.org
1764,undertone.com
1765,joinhoney.com
1766,netscape.com
1767,geotrust.com
1768,itu.int
1769,adingo.jp
1770,ycombinator.com
1771,ad-score.com
1772,amazon.com.au
1773,signal.org
1774,kueezrtb.com
1775,lww.com
1776,ucoz.ru
1777,visa.com
1778,gameanalytics.com
1779,max.com
1780,urbanairship.com
1781,identrust.com
1782,translate.goog
1783,webempresa.eu
1784,theglobeandmail.com
1785,wayfair.com
1786,braze.eu
1787,dnsdomen.com
1788,e-planning.net
1789,watchguard.com
1790,ey.com
1791,primis.tech
1792,smithsonianmag.com
1793,bytedance.com
1794,flipboard.com
1795,semanticscholar.org
1796,sbis.ru
1797,ixigua.com
1798,bounceexchange.com
1799,xerox.com
1800,siriusxm.com
1801,sony.com
1802,metamask.io
1803,newscientist.com
1804,huntress.io
1805,terabox.com
1806,selectel.ru
1807,google.be
1808,stripe.network
1809,deltaork.com
1810,itch.io
1811,bidmachine.io
1812,google.at
1813,sprinklr.com
1814,google.co.th
1815,altervista.org
1816,dan.com
1817,mos.ru
1818,myhostadmin.net
1819,bigcartel.com
1820,dynamicyield.com
1821,grafana.com
1822,aptrinsic.com
1823,pippio.com
1824,messenger.com
1825,applvn.com
1826,fitbit.com
1827,shipt.com
1828,ubisoft.com
1829,congress.gov
1830,ndtv.com
1831,thawte.com
1832,openssl.org
1833,hatena.ne.jp
1834,sonicwall.com
1835,google.com.tw
1836,instacart.com
1837,imf.org
1838,feednews.com
1839,adscale.de
1840,northwestern.edu
1841,thoughtco.com
1842,senderscore.com
1843,audible.com
1844,rainberrytv.com
1845,av380.net
1846,investing.com
1847,crunchyroll.com
1848,safety.google
1849,ecwid.com
1850,enable-javascript.com
1851,capitalone.com
1852,uc.cn
1853,podbean.com
1854,tamu.edu
1855,web.dev
1856,revcontent.com
1857,arin.net
1858,dashlane.com
1859,brightspace.com
1860,lenta.ru
1861,foursquare.com
1862,libsyn.com
1863,ltwebstatic.com
1864,sitemaps.org
1865,woocommerce.com
1866,ifeng.com
1867,liveintent.com
1868,parklogic.com
1869,ipinfo.io
1870,1688.com
1871,blog.google
1872,tmall.com
1873,rs6.net
1874,drupal.org
1875,amemv.com
1876,last.fm
1877,hyatt.com
1878,zeotap.com
1879,fool.com
1880,okx.com
1881,technologyreview.com
1882,klarna.com
1883,cookiebot.com
1884,rustore.ru
1885,hbo.com
1886,discovery.com
1887,home-assistant.io
1888,venturebeat.com
1889,ti.com
1890,urldefense.com
1891,google.se
1892,chinadaily.com.cn
1893,ucl.ac.uk
1894,slashdot.org
1895,apachefriends.org
1896,gamespot.com
1897,git-scm.com
1898,ably.io
1899,mimecast.com
1900,orcid.org
1901,tmz.com
1902,csdn.net
1903,yammer.com
1904,www.gov.cn
1905,malwarebytes.com
1906,imageshack.us
1907,thedailybeast.com
1908,kde.org
1909,weather.gov
1910,nessus.org
1911,im-apps.net
1912,bumble.com
1913,opsgenie.com
1914,phys.org
1915,windy.com
1916,iubenda.com
1917,lifehacker.com
1918,elastic.co
1919,meta.com
1920,icloud.com.cn
1921,aol.co.uk
1922,starbucks.com
1923,fanduel.com
1924,narod.ru
1925,cancer.org
1926,deadline.com
1927,aarp.org
1928,moz.com
1929,one.com
1930,snssdk.com
1931,1password.com
1932,zynga.com
1933,web.de
1934,fliphtml5.com
1935,cxense.com
1936,bittorrent.com
1937,mathworks.com
1938,rfc-editor.org
1939,rudderstack.com
1940,lg.com
1941,lavanguardia.com
1942,nymag.com
1943,ibb.co
1944,instructables.com
1945,rokt.com
1946,rutgers.edu
1947,about.me
1948,heart.org
1949,parallels.com
1950,progressive.com
1951,foodnetwork.com
1952,google.cz
1953,syncthing.net
1954,unrealengine.com
1955,pruffme.com
1956,gettyimages.com
1957,standard.co.uk
1958,douban.com
1959,citi.com
1960,citrix.com
1961,google.com.ar
1962,uribl.com
1963,belkin.com
1964,indianexpress.com
1965,easybrain.com
1966,etoote.com
1967,appnext.com
1968,nfl.com
1969,fcc.gov
1970,pushwoosh.com
1971,voanews.com
1972,run.app
1973,gmx.net
1974,uhc.com
1975,zerocdn.com
1976,dol.gov
1977,knt9.xyz
1978,google.com.vn
1979,google.gr
1980,opensource.org
1981,adguard.com
1982,uspto.gov
1983,wpastra.com
1984,gutenberg.org
1985,sbb.ch
1986,generatepress.com
1987,pochta.ru
1988,vogue.com
1989,your-server.de
1990,google.pt
1991,fbi.gov
1992,bitnami.com
1993,itau.com.br
1994,thomsonreuters.com
1995,tradplusad.com
1996,cell.com
1997,cosmopolitan.com
1998,insales.ru
1999,google.us
2000,eu.com
2001,rkdms.com
2002,esquire.com
2003,1984.is
2004,cdn.house
2005,wa.gov
2006,unimelb.edu.au
2007,mystrikingly.com
2008,msnbc.com
2009,tenor.com
2010,foxbusiness.com
2011,treasury.gov
2012,huggingface.co
2013,padlet.com
2014,zeit.de
2015,google.ch
2016,powerbi.com
2017,nydailynews.com
2018,rumble.com
2019,flaticon.com
2020,bu.edu
2021,artstation.com
2022,tableau.com
2023,thrtle.com
2024,code.org
2025,cuny.edu
2026,system-monitor.com
2027,acuityplatform.com
2028,bigcommerce.com
2029,google.co.kr
2030,google.hu
2031,trafficjunky.net
2032,yastatic.net
2033,google.ro
2034,tizen.org
2035,locaweb.com.br
2036,buzzoola.com
2037,serverdata.net
2038,larkplayerapp.com
2039,chegg.com
2040,vrt.be
2041,securly.com
2042,int08h.com
2043,france24.com
2044,freshdesk.com
2045,afrinic.net
2046,blogspot.co.uk
2047,ueiwsp.com
2048,nakheelteam.cc
2049,tesla.services
2050,chron.com
2051,doubleclick.com
2052,angelfire.com
2053,sketchfab.com
2054,auth0.com
2055,allrecipes.com
2056,kp.ru
2057,nodejs.org
2058,vivox.com
2059,ncsu.edu
2060,startappservice.com
2061,google.com.co
2062,ctvnews.ca
2063,osu.edu
2064,coe.int
2065,pp.ru
2066,reasonsecurity.com
2067,urbandictionary.com
2068,nsw.gov.au
2069,lenovomm.com
2070,kpmg.com
2071,rottentomatoes.com
2072,wa.link
2073,doordash.com
2074,brookings.edu
2075,hoster.ru
2076,fortinet.com
2077,elle.com
2078,goo.ne.jp
2079,ispot.tv
2080,theregister.com
2081,undp.org
2082,dalyfeds.com
2083,keenetic.pro
2084,google.cl
2085,sas.com
2086,pandasecurity.com
2087,pastebin.com
2088,goodhousekeeping.com
2089,kochava.com
2090,hubhc.com
2091,2miners.com
2092,netgate.com
2093,cctv.com
2094,rockstargames.com
2095,xero.com
2096,cancer.gov
2097,ilo.org
2098,ning.com
2099,duosecurity.com
2100,grindr.com
2101,constellix.com
2102,medscape.com
2103,inleed.net
2104,ninjarmm.com
2105,samsclub.com
2106,hootsuite.com
2107,rg.ru
2108,vanityfair.com
2109,weibo.cn
2110,hostinger.com
2111,icq.com
2112,thehindu.com
2113,amung.us
2114,ethz.ch
2115,digitaltrends.com
2116,samplicio.us
2117,clickagy.com
2118,faz.net
2119,iop.org
2120,accor.com
2121,tubitv.com
2122,mapquest.com
2123,skimresources.com
2124,bitly.com
2125,google.com.ua
2126,vivint.ai
2127,utah.edu
2128,kinopoisk.ru
2129,timesofisrael.com
2130,classdojo.com
2131,google.com.pe
2132,segmento.ru
2133,perl.org
2134,tecnoera.com
2135,axis.com
2136,remotepc.com
2137,bitrix.info
2138,asahi.com
2139,playfamily.ru
2140,us.com
2141,npmjs.com
2142,clickup.com
2143,mpg.de
2144,v-videoapp.com
2145,billboard.com
2146,salon.com
2147,tenda.com.cn
2148,webflow.com
2149,xe.com
2150,sonos.com
2151,bsky.app
2152,digistorm.com
2153,wikidot.com
2154,ml314.com
2155,spamcop.net
2156,wargaming.net
2157,nyc.gov
2158,stat-rock.com
2159,likeevideo.ru
2160,boston.com
2161,mheducation.com
2162,softonic.com
2163,fifa.com
2164,orange.fr
2165,glance-cdn.com
2166,royalcanin.edu.pl
2167,boredpanda.com
2168,kolesa.kz
2169,gotinder.com
2170,galaxydata.ru
2171,demandbase.com
2172,starlingbank.com
2173,cloudlinks.cn
2174,crunchbase.com
2175,ew.com
2176,zeasn.tv
2177,nurd.com
2178,alfabank.ru
2179,joomla.org
2180,comodo.com
2181,momentohq.com
2182,walgreens.com
2183,syndicatedsearch.goog
2184,texas.gov
2185,intercomcdn.com
2186,nokia.com
2187,dvr163.com
2188,porsche.com
2189,dtscout.com
2190,samsungads.com
2191,ask.com
2192,skwstat.ru
2193,1drv.ms
2194,smartsheet.com
2195,vrbo.com
2196,streamtheworld.com
2197,hackaday.com
2198,colossusssp.com
2199,ex.co
2200,alltel24.ru
2201,wikisource.org
2202,vercel.app
2203,icanhazip.com
2204,brightcloud.com
2205,hawaii.edu
2206,opentrackr.org
2207,cbssports.com
2208,chase.com
2209,thestar.com
2210,mindbox.ru
2211,flic.kr
2212,ucsb.edu
2213,ovhcloud.com
2214,jivox.com
2215,usembassy.gov
2216,userway.org
2217,tidal.com
2218,consumerreports.org
2219,nzherald.co.nz
2220,ohchr.org
2221,code42.com
2222,airtable.com
2223,houzz.com
2224,browsiprod.com
2225,gog.com
2226,jpost.com
2227,cvs.com
2228,otm-r.com
2229,auctollo.com
2230,dnsimple.com
2231,heise.de
2232,notion.site
2233,zend.com
2234,dns.pt
2235,douyin.com
2236,crazygames.com
2237,mcdonalds.com
2238,mountain.com
2239,square.site
2240,thousandeyes.com
2241,zalo.me
2242,intelbras.com.br
2243,wufoo.com
2244,mintegral.net
2245,arkoselabs.com
2246,livemint.com
2247,greenpeace.org
2248,eventbrite.co.uk
2249,livestream.com
2250,ibosscloud.com
2251,sprinthost.ru
2252,bspb.ru
2253,stuff.co.nz
2254,thefreedictionary.com
2255,google.com.sg
2256,chip.de
2257,flightradar24.com
2258,schneier.com
2259,sproutsocial.com
2260,hopkinsmedicine.org
2261,ccc.de
2262,justgiving.com
2263,barracuda.com
2264,tubemogul.com
2265,wustl.edu
2266,haxx.se
2267,toutiao.com
2268,bodis.com
2269,infolinks.com
2270,hihonor.com
2271,zdf.de
2272,infojobs.net
2273,tutu.ru
2274,space.com
2275,onaudience.com
2276,freshchat.com
2277,nalog.ru
2278,isc.org
2279,paypal.me
2280,shutterfly.com
2281,getyourguide.com
2282,ns1p.net
2283,parkingcrew.net
2284,focus.de
2285,timeout.com
2286,youronlinechoices.eu
2287,likee.com
2288,cpan.org
2289,toasttab.com
2290,wistia.com
2291,yumpu.com
2292,vt.edu
2293,cern.ch
2294,adlightning.com
2295,outlookindia.com
2296,carfax.com
2297,videolan.org
2298,hostpoint.ch
2299,gumroad.com
2300,is.gd
2301,nobelprize.org
2302,db.com
2303,lonelyplanet.com
2304,webflow.io
2305,pinduoduo.com
2306,google.dk
2307,google.co.za
2308,irishtimes.com
2309,ovh.com
2310,pubnub.com
2311,thingiverse.com
2312,gemius.pl
2313,thebalancemoney.com
2314,wipo.int
2315,value-domain.com
2316,verywellmind.com
2317,takeaway.com
2318,shopifycloud.com
2319,inmotionhosting.com
2320,swrve.com
2321,revenuecat.com
2322,qnap.com
2323,globalnews.ca
2324,wikipedia.com
2325,asos.com
2326,picsart.com
2327,hubspot.net
2328,dish.com
2329,lin.ee
2330,bostonglobe.com
2331,lse.ac.uk
2332,rusprofile.ru
2333,zuimeitianqi.com
2334,tbank.ru
2335,lazada.sg
2336,oray.com
2337,curl.se
2338,blismedia.com
2339,fema.gov
2340,ipcc.ch
2341,calameo.com
2342,hybrid.ai
2343,apptentive.com
2344,pitt.edu
2345,didiglobal.com
2346,aviasales.ru
2347,customer.io
2348,foxsports.com
2349,google.fi
2350,jio.com
2351,google.co.il
2352,lazada.com
2353,lazada.co.id
2354,hrw.org
2355,ekatox.com
2356,wps.cn
2357,helpshift.com
2358,lazada.com.ph
2359,indiana.edu
2360,page.link
2361,appboy.com
2362,loom.com
2363,mk.ru
2364,seekingalpha.com
2365,zara.com
2366,google.co.nz
2367,georgetown.edu
2368,imagemagick.org
2369,box.net
2370,powerapps.com
2371,sueddeutsche.de
2372,google.ie
2373,qualcomm.com
2374,evidon.com
2375,getui.com
2376,createjs.com
2377,zapier.com
2378,ingage.tech
2379,caniuse.com
2380,telefonica.de
2381,rtve.es
2382,smugmug.com
2383,likee.video
2384,theiconic.com.au
2385,tailscale.com
2386,verywellhealth.com
2387,mrf.io
2388,vidazoo.com
2389,patch.com
2390,ifood.com.br
2391,gitbook.io
2392,ps.kz
2393,business-standard.com
2394,gap.com
2395,dnevnik.ru
2396,centos.org
2397,hover.com
2398,tomtom.com
2399,felenasoft.com
2400,register.com
2401,4shared.com
2402,uniqlo.com
2403,telstra.com
2404,sba.gov
2405,msi.com
2406,iqm.com
2407,abc.es
2408,pcworld.com
2409,tripadvisor.co.uk
2410,sfu.ca
2411,redbubble.com
2412,splunk.com
2413,codepen.io
2414,snapcraft.io
2415,transmissionbt.com
2416,facemojikeyboard.com
2417,pypi.org
2418,ucloud.cn
2419,cbslocal.com
2420,cygwin.com
2421,tufts.edu
2422,tricolor.tv
2423,unl.edu
2424,esa.int
2425,qualys.com
2426,500px.com
2427,wasabisys.com
2428,umass.edu
2429,betcity.ru
2430,cvent.com
2431,infomaniak.com
2432,ahrefs.com
2433,proton.me
2434,jampp.com
2435,nbc.com
2436,cia.gov
2437,allstate.com
2438,uoregon.edu
2439,celtra.com
2440,insightexpressai.com
2441,prosv.ru
2442,sciencealert.com
2443,benzinga.com
2444,databricks.com
2445,harpersbazaar.com
2446,paa-reporting-advertising.amazon
2447,google.bg
2448,adthrive.com
2449,snowflake.com
2450,ow.ly
2451,rsc.org
2452,ahcdn.com
2453,zebra.com
2454,sina.com
2455,ubereats.com
2456,westernunion.com
2457,apnic.net
2458,paramountplus.com
2459,thestreet.com
2460,cengage.com
2461,feedly.com
2462,shopee.vn
2463,admixer.net
2464,fivethirtyeight.com
2465,nazwa.pl
2466,com.com
2467,eurekalert.org
2468,cpmstar.com
2469,parastorage.com
2470,epam.com
2471,spglobal.com
2472,google.sk
2473,olx.ua
2474,aylanetworks.com
2475,google.com.pk
2476,snopes.com
2477,iu.edu
2478,gameloft.com
2479,fastly-insights.com
2480,caltech.edu
2481,uscourts.gov
2482,breitbart.com
2483,google.com.eg
2484,univie.ac.at
2485,capitaloneshopping.com
2486,note.com
2487,metmuseum.org
2488,aj1907.online
2489,huffingtonpost.co.uk
2490,tomsguide.com
2491,tn.gov
2492,legacy.com
2493,gaijin.net
2494,tapclap.com
2495,unep.org
2496,statsinout.com
2497,netsuite.com
2498,tns-counter.ru
2499,shop.app
2500,over-blog.com
2501,osha.gov
2502,uefa.com
2503,google.hr
2504,ctnsnet.com
2505,wsu.edu
2506,ohmy.bid
2507,2gis.ru
2508,king.com
2509,toyota.com
2510,samsunghealth.com
2511,google.no
2512,profi.ru
2513,mcgill.ca
2514,9gag.com
2515,google.com.ph
2516,yle.fi
2517,gatech.edu
2518,google.com.sa
2519,linkis.ru
2520,shodan.io
2521,bzsn.ru
2522,robinhood.com
2523,macomnet.ru
2524,the-ozone-project.com
2525,ourworldindata.org
2526,nerdwallet.com
2527,buzzsprout.com
2528,namebright.com
2529,home.pl
2530,rochester.edu
2531,uwaterloo.ca
2532,themegrill.com
2533,envato.com
2534,avg.com
2535,brandmetrics.com
2536,channel4.com
2537,edx.org
2538,affirm.com
2539,popularmechanics.com
2540,prweb.com
2541,iowa.gov
2542,computerworld.com
2543,adweek.com
2544,thespruce.com
2545,pavietnam.vn
2546,study.com
2547,crcldu.com
2548,amazon.nl
2549,pghub.io
2550,xkcd.com
2551,tunein.com
2552,aidemsrv.com
2553,media6degrees.com
2554,ustream.tv
2555,gimp.org
2556,foresee.com
2557,stocrm.ru
2558,yutex.ru
2559,localytics.com
2560,sprig.com
2561,postman.com
2562,vseinstrumenti.ru
2563,thesaurus.com
2564,kundelik.kz
2565,amnesty.org
2566,colorlib.com
2567,ria.com
2568,voximplant.com
2569,drugs.com
2570,knowbe4.com
2571,tagesspiegel.de
2572,sportradarserving.com
2573,lazada.co.th
2574,spectrum.net
2575,hola.org
2576,nianticlabs.com
2577,redcross.org
2578,anyclip.com
2579,uiowa.edu
2580,archdaily.com
2581,oath.com
2582,aljazeera.net
2583,myanimelist.net
2584,pscp.tv
2585,bahn.de
2586,crowdstrike.com
2587,statsigapi.net
2588,mcusercontent.com
2589,ap.org
2590,usmagazine.com
2591,bitrix24.com
2592,schoology.com
2593,mosyle.com
2594,google.com.my
2595,pinterest.co.uk
2596,bankrate.com
2597,leagueoflegends.com
2598,findlaw.com
2599,rocketsbit.com
2600,sinaimg.cn
2601,openxcdn.net
2602,gm.com
2603,brown.edu
2604,porkbun.com
2605,dominos.com
2606,indiatoday.in
2607,experian.com
2608,treasuredata.com
2609,bidvol.com
2610,hinet.net
2611,vanderbilt.edu
2612,insider.com
2613,independent.ie
2614,garant.ru
2615,qvdt3feo.com
2616,poshmark.com
2617,hgtv.com
2618,libero.it
2619,alltrails.com
2620,news24.com
2621,wireshark.org
2622,nbcsports.com
2623,rosneft.ru
2624,storygize.net
2625,mercurynews.com
2626,popsci.com
2627,mimecast.net
2628,prreqcroab.icu
2629,proquest.com
2630,web.app
2631,pcgamer.com
2632,channelnewsasia.com
2633,nicovideo.jp
2634,banki.ru
2635,hetzner.com
2636,mobilefuse.com
2637,pubg.com
2638,truoptik.com
2639,liberation.fr
2640,victoriassecret.com
2641,termsfeed.com
2642,lunalabs.io
2643,arlo.com
2644,wikibooks.org
2645,shopee.ph
2646,meizu.com
2647,uscis.gov
2648,openldap.org
2649,wp.me
2650,caranddriver.com
2651,tide.co
2652,hubapi.com
2653,iea.org
2654,kaltura.com
2655,distmed.com
2656,thenextweb.com
2657,net.ru
2658,tvtropes.org
2659,arduino.cc
2660,smartclip.net
2661,straitstimes.com
2662,tass.ru
2663,ucoz.net
2664,d-net.pro
2665,wandera.com
2666,ansa.it
2667,aviasales.com
2668,pokemon.com
2669,realestate.com.au
2670,dianping.com
2671,man7.org
2672,homestead.com
2673,kbb.com
2674,google.ae
2675,yolasite.com
2676,vanguard.com
2677,oregonstate.edu
2678,monday.com
2679,barrons.com
2680,dailyinnovation.biz
2681,bleacherreport.com
2682,hbs.edu
2683,justia.com
2684,cookieyes.com
2685,cjis.gov
2686,perplexity.ai
2687,michaels.com
2688,moovitapp.com
2689,penguinrandomhouse.com
2690,draftkings.com
2691,certum.pl
2692,gazprombank.ru
2693,paypalobjects.com
2694,answers.com
2695,espressif.com
2696,rte.ie
2697,theknot.com
2698,viator.com
2699,google.rs
2700,a2hosting.com
2701,aeroflot.ru
2702,virginmedia.com
2703,southwest.com
2704,uga.edu
2705,virginia.gov
2706,clinicaltrials.gov
2707,yomiuri.co.jp
2708,iastate.edu
2709,coindesk.com
2710,ripe.net
2711,binance.info
2712,orf.at
2713,instana.io
2714,alexa.com
2715,piano.io
2716,lilithgame.com
2717,atl-paas.net
2718,infogram.com
2719,emojipedia.org
2720,skysports.com
2721,fsu.edu
2722,lnk.to
2723,net-line.pro
2724,seek.com.au
2725,ucsf.edu
2726,ndr.de
2727,imageshack.com
2728,ko-fi.com
2729,nordstrom.com
2730,finam.ru
2731,rttv.ru
2732,vivo.com.br
2733,reverso.net
2734,prestashop.com
2735,vinted.fr
2736,pushnami.com
2737,jivosite.com
2738,federalregister.gov
2739,japantimes.co.jp
2740,worldcat.org
2741,my.games
2742,aircanada.com
2743,cyberark.com
2744,br.de
2745,threatlocker.com
2746,betfair.com
2747,politico.eu
2748,eskimi.com
2749,pub.network
2750,zaloapp.com
2751,usf.edu
2752,otzovik.com
2753,posthog.com
2754,flipsnack.com
2755,ulta.com
2756,atlasobscura.com
2757,shazam.com
2758,repocket.com
2759,blackberry.com
2760,braze-images.com
2761,unhcr.org
2762,lifewire.com
2763,harman.com
2764,lua.org
2765,tgju.org
2766,statefarm.com
2767,shopee.com.my
2768,sjtu.edu.cn
2769,tfl.gov.uk
2770,samsara.com
2771,six-group.com
2772,federalreserve.gov
2773,nos.nl
2774,google.kz
2775,bedbathandbeyond.com
2776,sway.com
2777,businessweek.com
2778,spreaker.com
2779,charter.com
2780,backblazeb2.com
2781,oxfordjournals.org
2782,cdnwidget.com
2783,kucoin.com
2784,abtasty.com
2785,google.by
2786,4.cn
2787,howtogeek.com
2788,mediawiki.org
2789,mac.com
2790,googleoptimize.com
2791,backblaze.com
2792,cms.gov
2793,histats.com
2794,ladsp.com
2795,formula1.com
2796,google.lv
2797,logmein.com
2798,ultimate-guitar.com
2799,teacherspayteachers.com
2800,bidderstack.com
2801,ntv.com.tr
2802,depositphotos.com
2803,nhl.com
2804,connectad.io
2805,dmca.com
2806,travelandleisure.com
2807,f2pool.com
2808,gamesradar.com
2809,google.co.ve
2810,ihc.ru
2811,matomo.org
2812,oaistatic.com
2813,pchome.com.tw
2814,govdelivery.com
2815,nj.com
2816,pearson.com
2817,shopee.tw
2818,unfccc.int
2819,thekitchn.com
2820,aliexpress.ru
2821,google.co.cr
2822,openweathermap.org
2823,batch.com
2824,pa.gov
2825,sephora.com
2826,lycos.com
2827,medtronic.com
2828,elster.de
2829,clmbtech.com
2830,theregister.co.uk
2831,dnacdn.net
2832,serasa.com.br
2833,ziprecruiter.com
2834,colostate.edu
2835,raspberrypi.org
2836,expressapisv2.net
2837,popsugar.com
2838,guard.io
2839,wallpapers.com
2840,bitwarden.com
2841,postimg.cc
2842,cloudbackup.management
2843,google.si
2844,foreignpolicy.com
2845,visualwebsiteoptimizer.com
2846,washingtontimes.com
2847,tanium.com
2848,adsbynimbus.com
2849,dbs.com
2850,shopee.sg
2851,virustotal.com
2852,hudl.com
2853,google.lt
2854,brevo.com
2855,phpbb.com
2856,grammarly.net
2857,reolink.com
2858,hoyolab.com
2859,amazon.ae
2860,romarg.com
2861,kampyle.com
2862,dotmetrics.net
2863,buffer.com
2864,mastodon.social
2865,redis.io
2866,bamboostage.com
2867,aif.ru
2868,shopee.co.th
2869,bbcgoodfood.com
2870,skyrock.net
2871,xhopen.com
2872,namecheap.com
2873,google.com.ec
2874,oricon.co.jp
2875,theepochtimes.com
2876,perl.com
2877,worldometers.info
2878,365scores.com
2879,ardmediathek.de
2880,smallpdf.com
2881,threema.ch
2882,flightaware.com
2883,cloudappsecurity.com
2884,surriel.com
2885,memfault.com
2886,bell-labs.com
2887,udel.edu
2888,elespanol.com
2889,abril.com.br
2890,dreamstime.com
2891,suno.com
2892,myfitnesspal.com
2893,google.com.gt
2894,sardine.ai
2895,zenon.net
2896,iinet.net.au
2897,pbskids.org
2898,midilibre.fr
2899,sovcombank.ru
2900,getadblock.com
2901,google.com.uy
2902,coxautoinc.com
2903,google.ee
2904,routledge.com
2905,cloudflarestatus.com
2906,traveloka.com
2907,dallasnews.com
2908,eonline.com
2909,google.com.do
2910,searchengineland.com
2911,action.com
2912,docusign.com
2913,chrome.com
2914,google.dz
2915,google.com.bd
2916,rivian.com
2917,techsmith.com
2918,stern.de
2919,prtimes.jp
2920,google.ba
2921,newsbreak.com
2922,esxdos.org
2923,feishu.cn
2924,wordreference.com
2925,opensea.io
2926,archlinux.org
2927,hubpages.com
2928,google.com.pr
2929,macrumors.com
2930,vkusvill.ru
2931,economictimes.com
2932,wordpress.net
2933,mindbodyonline.com
2934,convertkit.com
2935,menshealth.com
2936,fraunhofer.de
2937,nbcuni.com
2938,litres.ru
2939,mintegral.com
2940,backtrace.io
2941,tildacdn.com
2942,bustle.com
2943,index.hu
2944,midea.com.cn
2945,dailydot.com
2946,alarabiya.net
2947,similarweb.com
2948,morningstar.com
2949,eatingwell.com
2950,nate.com
2951,metoffice.gov.uk
2952,mynavi.jp
2953,sportingnews.com
2954,mango-office.ru
2955,boomplaymusic.com
2956,google.com.sv
2957,reverbnation.com
2958,wpguardian.io
2959,google.com.ng
2960,rfi.fr
2961,wpguardian.com
2962,startribune.com
2963,legislation.gov.uk
2964,nrk.no
2965,anu.edu.au
2966,hindawi.com
2967,mainichi.jp
2968,churchofjesuschrist.org
2969,moloco.com
2970,openoffice.org
2971,google.jo
2972,google.com.np
2973,contentstack.io
2974,thestar.com.my
2975,sotwe.com
2976,tomshardware.com
2977,51.la
2978,byu.edu
2979,unam.mx
2980,google.com.py
2981,eater.com
2982,blogspot.de
2983,jwpsrv.com
2984,google.co.ma
2985,linecorp.com
2986,leetcode.com
2987,raiffeisen.ru
2988,unsw.edu.au
2989,sketchup.com
2990,dmm.com
2991,matchtv.ru
2992,habr.com
2993,tnaflix.com
2994,mo.gov
2995,cursor.sh
2996,google.ge
2997,mercedes-benz.com
2998,paytm.com
2999,google.com.bo
3000,aruba.it
3001,aptoide.com
3002,wondershare.com
3003,bt.dk
3004,razorpay.com
3005,polygon.com
3006,manchestereveningnews.co.uk
3007,ama-assn.org
3008,pixlr.com
3009,claude.ai
3010,starbucks.com.cn
3011,lightboxcdn.com
3012,liveinternet.ru
3013,phantom.app
3014,livechat.com
3015,filmweb.pl
3016,domru.ru
3017,e-recht24.de
3018,thetimes.com
3019,withings.net
3020,freedesktop.org
3021,google.co.ke
3022,techrepublic.com
3023,mediarithmics.com
3024,chosun.com
3025,ensighten.com
3026,ualberta.ca
3027,neilpatel.com
3028,zoominfo.com
3029,nyt.com
3030,mobileiron.com
3031,collinsdictionary.com
3032,mariadb.org
3033,vonage.com
3034,ahagamecenter.com
3035,gazeta.ru
3036,findagrave.com
3037,google.ci
3038,google.as
3039,premierleague.com
3040,adfox.ru
3041,parade.com
3042,adsensecustomsearchads.com
3043,jivo.ru
3044,tinkercad.com
3045,southernliving.com
3046,tilda.ws
3047,searchenginejournal.com
3048,cargurus.com
3049,komiku.id
3050,ct.gov
3051,wb.com
3052,derstandard.at
3053,trulia.com
3054,i-ready.com
3055,paychex.com
3056,bb.com.br
3057,cloudflarestorage.com
3058,fortnite.com
3059,google.tn
3060,kick.com
3061,luticlip.com
3062,lindependant.fr
3063,google.com.lb
3064,capgemini.com
3065,serveriai.lt
3066,infura-ipfs.io
3067,purepeople.com
3068,tori.fi
3069,realme.com
3070,apple.co
3071,google.iq
3072,google.lu
3073,mywot.com
3074,denverpost.com
3075,google.com.pa
3076,gq.com
3077,everydayhealth.com
3078,google.az
3079,interfax.ru
3080,lastampa.it
3081,aetna.com
3082,turbosquid.com
3083,sundaysky.com
3084,riskified.com
3085,estadao.com.br
3086,forticloud.com
3087,sky.it
3088,gist.build
3089,aaa.com
3090,nsf.gov
3091,sliide.cloud
3092,wordfence.com
3093,cardekho.com
3094,cymru.com
3095,google.com.om
3096,google.co.bw
3097,farfetch.com
3098,blogspot.ca
3099,domain.com
3100,google.com.ly
3101,google.com.kh
3102,nationalarchives.gov.uk
3103,sofascore.com
3104,google.am
3105,rediff.com
3106,bluecava.com
3107,verisign.net
3108,csmonitor.com
3109,gnome.org
3110,peatix.com
3111,google.com.qa
3112,yandex-team.ru
3113,hotstar.com
3114,thunderbird.net
3115,sberbank-tele.com
3116,google.sc
3117,google.ad
3118,rudderlabs.com
3119,pagesix.com
3120,amplify.com
3121,propublica.org
3122,emulatorgames.net
3123,cnil.fr
3124,google.com.na
3125,google.com.ag
3126,google.cg
3127,google.hn
3128,pinterest.fr
3129,venmo.com
3130,softpedia.com
3131,goethe.de
3132,google.md
3133,rustdesk.com
3134,collider.com
3135,moodle.com
3136,quark.cn
3137,prodregistryv2.org
3138,desmos.com
3139,msu.ru
3140,clover.com
3141,sputniknews.com
3142,fox.com
3143,cableone.net
3144,opensuse.org
3145,rtl.de
3146,google.kg
3147,xaas3.jp
3148,google.com.jm
3149,torproject.org
3150,nj.gov
3151,ghostery.com
3152,domaintools.com
3153,telstra.com.au
3154,google.cm
3155,google.com.ni
3156,eia.gov
3157,google.com.kw
3158,tradedoubler.com
3159,imghst-de.com
3160,google.ps
3161,loopia.se
3162,cafe24.com
3163,rice.edu
3164,priceline.com
3165,thescore.com
3166,insurads.com
3167,userreport.com
3168,dataprivacyframework.gov
3169,mercari.com
3170,zappos.com
3171,gazeta.pl
3172,paycomonline.net
3173,google.cd
3174,cwi.nl
3175,emarketer.com
3176,copart.com
3177,amazon.eg
3178,marinetraffic.com
3179,cnrs.fr
3180,bitget.com
3181,nationalacademies.org
3182,google.com.bh
3183,nber.org
3184,made-in-china.com
3185,uic.edu
3186,google.com.gh
3187,abbott.com
3188,1cfresh.com
3189,fireoscaptiveportal.com
3190,tinypic.com
3191,novelbin.com
3192,pingdom.net
3193,20minutes.fr
3194,mamastar.jp
3195,sina.cn
3196,ajax.systems
3197,vistaprint.com
3198,prodigygame.com
3199,google.lk
3200,999.md
3201,todoist.com
3202,hud.gov
3203,mvideo.ru
3204,librefutbol.su
3205,cloudbirds.cn
3206,savefrom.net
3207,iqzone.com
3208,bancodevenezuela.com
3209,nd.edu
3210,next.co.uk
3211,fubo.tv
3212,kompas.com
3213,lexisnexis.com
3214,google.co.tz
3215,in.gov
3216,fujitsu.com
3217,ibtimes.com
3218,greenhouse.io
3219,fireeye.com
3220,shrm.org
3221,cisa.gov
3222,amazon.jobs
3223,eldiario.es
3224,home.blog
3225,awin1.com
3226,amazon.pl
3227,rome2rio.com
3228,aliexpress.us
3229,scopus.com
3230,tappx.com
3231,google.tt
3232,sexmtargem.com
3233,google.vg
3234,self.com
3235,psiphon.news
3236,thinkwithgoogle.com
3237,google.co.uz
3238,jaya9.app
3239,dynect.net
3240,mpsuadv.ru
3241,google.com.mm
3242,upi.com
3243,marthastewart.com
3244,buzzfeednews.com
3245,newgrounds.com
3246,google.ws
3247,google.al
3248,mass.gov
3249,flingo.tv
3250,tf1.fr
3251,google.bj
3252,shareasale.com
3253,youdao.com
3254,cointelegraph.com
3255,purl.org
3256,biglobe.ne.jp
3257,getgreenshot.org
3258,cgtn.com
3259,tinder.com
3260,poshvine.com
3261,amazon.se
3262,reference.com
3263,zlib.net
3264,google.com.af
3265,mailerlite.com
3266,marksandspencer.com
3267,skyscanner.net
3268,fnac.com
3269,ebscohost.com
3270,boeing.com
3271,europapress.es
3272,azcentral.com
3273,zohopublic.com
3274,boardgamegeek.com
3275,1cbit.ru
3276,treehugger.com
3277,kikakuya.com
3278,barracudanetworks.com
3279,amazon.sa
3280,google.com.cy
3281,google.tm
3282,guardingvision.com
3283,lequipe.fr
3284,kaiserpermanente.org
3285,boutell.com
3286,uservoice.com
3287,ebay.com.au
3288,rezultati.com
3289,walletconnect.com
3290,womenshealthmag.com
3291,makeuseof.com
3292,eagleeyenetworks.com
3293,coveo.com
3294,compass.com
3295,hellomagazine.com
3296,verizonwireless.com
3297,newsroom.bi
3298,oppo.com
3299,tcgplayer.com
3300,dnspod.com
3301,sendsay.ru
3302,abc.com
3303,flashscore.com.ve
3304,nkiri.com
3305,tele2.ru
3306,ivideon.com
3307,cdn4image.com
3308,saby.ru
3309,platformaofd.ru
3310,worldtimeserver.com
3311,wired.co.uk
3312,gdms.cloud
3313,getdropbox.com
3314,svt.se
3315,producthunt.com
3316,waho.pro
3317,google.gp
3318,boingboing.net
3319,siemens.de
3320,uq.edu.au
3321,pravda.ru
3322,ada.support
3323,ondemand.com
3324,pbase.com
3325,castbox.fm
3326,pdffiller.com
3327,eclipse.org
3328,scoop.it
3329,cars.com
3330,blueconic.net
3331,qvc.com
3332,freshworks.com
3333,justhost.ru
3334,sports.ru
3335,pfizer.com
3336,admhmao.ru
3337,masa49.com
3338,powerplatform.com
3339,consentmanager.net
3340,freemyip.com
3341,tse.jus.br
3342,mtv.com
3343,kia.com
3344,google.com.pg
3345,acint.net
3346,surbl.org
3347,moviezwap.cab
3348,transmissionapp.com
3349,samhsa.gov
3350,playtika.com
3351,seagate.com
3352,linewize.net
3353,nicehash.com
3354,gotomeeting.com
3355,pingone.com
3356,moma.org
3357,pch.com
3358,geico.com
3359,farpost.ru
3360,org.ru
3361,swishapps.ai
3362,simplecloud.ru
3363,tsc.go.ke
3364,adyen.com
3365,michigan.gov
3366,warthunder.com
3367,liveabout.com
3368,tritondigital.com
3369,bhg.com
3370,wpscdn.cn
3371,xhamsterlive.com
3372,eastmoney.com
3373,getepic.com
3374,sndcdn.com
3375,aj2396.online
3376,manchester.ac.uk
3377,smashingmagazine.com
3378,iql.ru
3379,turnitin.com
3380,laravel.com
3381,quantcast.com
3382,nationalpost.com
3383,usp.br
3384,adspower.net
3385,google.is
3386,doxygen.org
3387,zee5.com
3388,appiancloud.com
3389,bcg.com
3390,alamy.com
3391,s2517.com
3392,vizio.com
3393,10jqka.com.cn
3394,health.com
3395,razer.com
3396,yandex.by
3397,gboxlab.com
3398,sharechat.com
3399,lyft.com
3400,speedtestcustom.com
3401,streamable.com
3402,lufthansa.com
3403,allianz.com
3404,questdiagnostics.com
3405,hyprmx.com
3406,tenor.co
3407,aclu.org
3408,brand-display.com
3409,kxcdn.com
3410,eurodns.com
3411,sendpulse.com
3412,justwatch.com
3413,247sports.com
3414,preply.com
3415,www.gov.pl
3416,google.bs
3417,google.com.mt
3418,merchant-center-analytics.goog
3419,ximalaya.com
3420,knowyourmeme.com
3421,npmjs.org
3422,onefootball.com
3423,google.dm
3424,googlemail.com
3425,kandji.io
3426,google.mn
3427,dyndns.com
3428,pushy.io
3429,radiofrance.fr
3430,loggly.com
3431,deccanherald.com
3432,mydlink.com
3433,acast.com
3434,desync.com
3435,ebay.ca
3436,centurygame.com
3437,tbs.co.jp
3438,edgecastcdn.net
3439,dartmouth.edu
3440,google.gg
3441,immobilienscout24.de
3442,mediaset.it
3443,volusion.com
3444,ohio.gov
3445,gpo.gov
3446,detik.com
3447,safeway.com
3448,elperiodico.com
3449,vocabulary.com
3450,fitanalytics.com
3451,mobilityware.com
3452,eufylife.com
3453,google.com.ai
3454,msdn.com
3455,narvar.com
3456,ospserver.net
3457,justpaste.it
3458,hyundai.com
3459,blum.codes
3460,pushd.com
3461,ajc.com
3462,google.co.mz
3463,fmb.la
3464,veeam.com
3465,withbuddies.com
3466,parents.com
3467,k8s.io
3468,batmanapollo.ru
3469,humblebundle.com
3470,betterhelp.com
3471,google.co.ao
3472,wurl.com
3473,gmu.edu
3474,infoseek.co.jp
3475,gauthmath.com
3476,casio.com
3477,scholastic.com
3478,volvocars.com
3479,smule.com
3480,lucky.net
3481,chinaz.com
3482,quad9.net
3483,msdmanuals.com
3484,rapidssl.com
3485,google.com.cu
3486,suntimes.com
3487,mycdn.me
3488,trafficjunky.com
3489,yandex.com.tr
3490,mentalfloss.com
3491,documentcloud.org
3492,imperial.ac.uk
3493,resume.com
3494,c212.net
3495,bible.com
3496,vidio.com
3497,lever.co
3498,microfocus.com
3499,eltiempo.com
3500,global-e.com
3501,memcached.org
3502,tradingeconomics.com
3503,filezilla-project.org
3504,dji.com
3505,theage.com.au
3506,groupme.com
3507,hatenablog.com
3508,mca.gov.in
3509,eyeo.com
3510,haaretz.com
3511,ctrls.in
3512,adtidy.org
3513,lolesports.com
3514,okko.tv
3515,emirates.com
3516,rae.es
3517,pb.com
3518,google.mw
3519,harborfreight.com
3520,minepi.com
3521,yieldlab.net
3522,telecomitalia.it
3523,pcre.org
3524,roche.com
3525,ubs.com
3526,google.com.bz
3527,vivintsky.com
3528,mercadopago.com.br
3529,mangadex.org
3530,mamba.ru
3531,temp-mail.org
3532,apachelounge.com
3533,signupgenius.com
3534,correios.com.br
3535,thermofisher.com
3536,monespaceveto.com
3537,sicredi.com.br
3538,usercontent.goog
3539,td.com
3540,monash.edu
3541,keenetic.link
3542,jedox.com
3543,we.tl
3544,google.mu
3545,hosteurope.de
3546,hostingradio.ru
3547,intermedia.net
3548,stripchatgirls.com
3549,jumpcloud.com
3550,ventraip.net.au
3551,formstack.com
3552,chime.aws
3553,google.mv
3554,oregonlive.com
3555,20min.ch
3556,yr.no
3557,gitlab.io
3558,krushmedia.com
3559,holahupa.com
3560,fin.ag
3561,virtualbox.org
3562,cylance.com
3563,freep.com
3564,arte.tv
3565,planethoster.net
3566,mercadopago.com
3567,yandex.kz
3568,mlive.com
3569,dr.dk
3570,cvte.com
3571,webengage.com
3572,lesta.ru
3573,dood.li
3574,monster.com
3575,rd.com
3576,jiocinema.com
3577,google.bf
3578,bradesco.com.br
3579,trustedstack.com
3580,google.sn
3581,diigo.com
3582,dnaindia.com
3583,foodandwine.com
3584,gzip.org
3585,inquirer.com
3586,americanbar.org
3587,overleaf.com
3588,resetdigital.co
3589,slickdeals.net
3590,nhtsa.gov
3591,samokat.ru
3592,eluniversal.com.mx
3593,upday.com
3594,cdn-tinkoff.ru
3595,avon.com
3596,qunar.com
3597,visualcapitalist.com
3598,royalsocietypublishing.org
3599,cnr.it
3600,pin.it
3601,deere.com
3602,tmdb.org
3603,js.org
3604,sleepfoundation.org
3605,videoamp.com
3606,google.rw
3607,onrender.com
3608,uky.edu
3609,viglink.com
3610,etahub.com
3611,cash.app
3612,globalsign.net
3613,sage.com
3614,flat-ads.com
3615,incognia.com
3616,ropro.io
3617,newsmax.com
3618,google.tk
3619,google.la
3620,zotero.org
3621,signalr.net
3622,chromium.org
3623,infobip.com
3624,carnival.com
3625,srf.ch
3626,nifty.com
3627,kahoot.com
3628,zazzle.com
3629,bleepingcomputer.com
3630,therealreal.com
3631,snackvideo.com
3632,spribegaming.com
3633,videonow.ru
3634,clemson.edu
3635,teachable.com
3636,piratbit.fun
3637,vulture.com
3638,infomaniak.ch
3639,hismarttv.com
3640,uu.nl
3641,timesnownews.com
3642,google.ht
3643,juntadeandalucia.es
3644,businesstoday.in
3645,codecademy.com
3646,boe.es
3647,lazada.vn
3648,expressen.se
3649,cleverwebserver.com
3650,zoomgov.com
3651,wetteronline.de
3652,manageengine.com
3653,nus.edu.sg
3654,kingsgroupgames.com
3655,t.ly
3656,proxmox.com
3657,sydney.edu.au
3658,flixcdn.com
3659,hardened-php.net
3660,spiceworks.com
3661,google.com.fj
3662,nuance.com
3663,nestle.com
3664,motherjones.com
3665,wikiquote.org
3666,match.com
3667,smooch.io
3668,cbr.com
3669,buffalo.edu
3670,tiny.cc
3671,pretty-fly4.com
3672,emory.edu
3673,fantasypros.com
3674,thetrainline.com
3675,hdfcbank.com
3676,securedvisit.com
3677,op.gg
3678,telecomsvc.com
3679,biblehub.com
3680,fotor.com
3681,1tv.ru
3682,degruyter.com
3683,chumbacasino.com
3684,francebleu.fr
3685,apps.chrome
3686,cnblogs.com
3687,psychcentral.com
3688,termly.io
3689,lapresse.ca
3690,kotaku.com
3691,tucows.com
3692,cricketwireless.com
3693,edgenuity.com
3694,canadiantire.ca
3695,webtoons.com
3696,gravitational.io
3697,navdmp.com
3698,financialexpress.com
3699,cntraveler.com
3700,royalmail.com
3701,nobitex.ir
3702,snapfish.com
3703,blogspot.com.es
3704,lesechos.fr
3705,firstvds.ru
3706,blender.org
3707,royalcaribbean.com
3708,real.com
3709,r01.ru
3710,freetype.org
3711,sandiegouniontribune.com
3712,eleconomista.es
3713,aap.org
3714,ninjaone.com
3715,simplyrecipes.com
3716,returnyoutubedislikeapi.com
3717,yektanet.com
3718,pressreader.com
3719,architecturaldigest.com
3720,ucsc.edu
3721,walmart.ca
3722,military.com
3723,northwesternmutual.com
3724,afterpay.com
3725,handle.net
3726,transcend.io
3727,au.com
3728,softbank.jp
3729,lc.chat
3730,microsoftcasualgames.com
3731,twingate.com
3732,getpostman.com
3733,zoho.eu
3734,cbs.com
3735,gamerant.com
3736,codedish.co
3737,myworkday.com
3738,refinery29.com
3739,17track.net
3740,cam4.com
3741,rit.edu
3742,ehow.com
3743,blick.ch
3744,lookmovie2.to
3745,uconn.edu
3746,zscaler.com
3747,onlamp.com
3748,tpbid.com
3749,ons.gov.uk
3750,aihelp.net
3751,vecteezy.com
3752,cadenaser.com
3753,fas.org
3754,uberinternal.com
3755,rainbird.com
3756,ix.ru
3757,wanadoo.fr
3758,anker-in.com
3759,crypto.com
3760,vdsina.ru
3761,poste.it
3762,enlightenment.org
3763,best82.com
3764,icicibank.com
3765,baltimoresun.com
3766,growthbook.io
3767,blackrock.com
3768,bentley.com
3769,unicode.org
3770,zerohedge.com
3771,wolframalpha.com
3772,adxpremium.services
3773,survicate.com
3774,marvel.com
3775,coursehero.com
3776,megaphone.fm
3777,ngs.ru
3778,pravda.com.ua
3779,7-zip.org
3780,ctrip.com
3781,guinnessworldrecords.com
3782,queue-it.net
3783,pinterest.de
3784,bluestacks.com
3785,google.co.zw
3786,utdallas.edu
3787,long.tv
3788,odnoklassniki.ru
3789,apptimize.com
3790,r7.com
3791,dhl.de
3792,heroku.com
3793,futura-sciences.com
3794,ebay.fr
3795,warwick.ac.uk
3796,kijiji.ca
3797,goto.com
3798,athemes.com
3799,gta5-mods.com
3800,dellin.ru
3801,tripadvisor.in
3802,megapbx.ru
3803,vorsfelde-live.de
3804,ifconfig.me
3805,parsec.app
3806,croc.ru
3807,france.tv
3808,nag.ru
3809,mathway.com
3810,ghost.org
3811,trkn.us
3812,uh.edu
3813,interactgo.com
3814,coub.com
3815,gamebanana.com
3816,widgetable.net
3817,govinfo.gov
3818,jwplatform.com
3819,ktalk.ru
3820,16personalities.com
3821,buymeacoffee.com
3822,utah.gov
3823,quicksetcloud.com
3824,news-medical.net
3825,google.co.ck
3826,birminghammail.co.uk
3827,championat.com
3828,snowflakecomputing.com
3829,carrd.co
3830,ana.co.jp
3831,opentext.com
3832,demonii.com
3833,corel.com
3834,biography.com
3835,rand.org
3836,modsecurity.org
3837,depop.com
3838,xlgmedia.com
3839,webnovel.com
3840,missouri.edu
3841,krone.at
3842,ifood.tv
3843,newegg.com
3844,sorbs.net
3845,gitee.com
3846,exitgames.com
3847,nextdns.io
3848,gamma.app
3849,scielo.br
3850,blogspot.fr
3851,volkswagen.de
3852,websupport.sk
3853,sex.com
3854,nationalgeographic.org
3855,rutracker.org
3856,biorxiv.org
3857,lulu.com
3858,ucr.edu
3859,amazonsilk.com
3860,allocine.fr
3861,usaid.gov
3862,dailykos.com
3863,allianz.de
3864,newrepublic.com
3865,daraz.pk
3866,indeed.net
3867,exoclick.com
3868,honda.com
3869,elementor.com
3870,kidshealth.org
3871,medicinenet.com
3872,arcpublishing.com
3873,morgenpost.de
3874,sync-service.net
3875,transip.nl
3876,myportfolio.com
3877,tripadvisor.fr
3878,skechers.com
3879,algolianet.com
3880,cbp.gov
3881,bizport.cn
3882,8x8.com
3883,dezeen.com
3884,aps.org
3885,prom.ua
3886,sprinthost.net
3887,fanatics.com
3888,larazon.es
3889,youradchoices.com
3890,dler.org
3891,mobfox.com
3892,xda-developers.com
3893,hotmart.com
3894,xxx.com
3895,emarsys.net
3896,iionads.com
3897,google.co.zm
3898,apkpure.net
3899,amazonses.com
3900,laposte.fr
3901,bluecore.com
3902,informer.com
3903,pp.ua
3904,emerald.com
3905,chinanews.com
3906,ugdtimg.com
3907,kinghost.com.br
3908,gla.ac.uk
3909,tru.am
3910,kakaku.com
3911,ijg.org
3912,mercadolivre.com
3913,ionos.de
3914,worldtimeapi.org
3915,liebertpub.com
3916,ticketmaster.co.uk
3917,kicker.de
3918,autozone.com
3919,voicemod.net
3920,packagist.org
3921,newatlas.com
3922,ifconfig.co
3923,exodus.io
3924,pananames.com
3925,telenor.no
3926,sbs.com.au
3927,ladbrokes.com
3928,kugou.com
3929,acehardware.com
3930,browserstack.com
3931,cio.com
3932,serverwatch.com
3933,komect.com
3934,appfolio.com
3935,bcb.gov.br
3936,datastax.com
3937,sync.com
3938,tagged.com
3939,google.com.bn
3940,ameli.fr
3941,uvfuns.com
3942,superbet.ro
3943,sat.gob.mx
3944,camsoda.com
3945,guzelhosting.com
3946,indeed.tech
3947,se.com
3948,hola.com
3949,google.cv
3950,salesloft.com
3951,passfixx.com
3952,workday.com
3953,miami.edu
3954,sfchronicle.com
3955,elcomercio.pe
3956,grubhub.com
3957,bitmoji.com
3958,dev.to
3959,justanswer.com
3960,s7.ru
3961,civicscience.com
3962,etherscan.io
3963,9to5mac.com
3964,facebook-hardware.com
3965,doctolib.fr
3966,discovermagazine.com
3967,wassenaar.org
3968,picpay.com
3969,microsoft365.com
3970,raspberrypi.com
3971,baomoi.com
3972,clicktripz.com
3973,glamour.com
3974,reclameaqui.com.br
3975,autoevolution.com
3976,imunify360.com
3977,goodrx.com
3978,rebrand.ly
3979,pushimg.com
3980,aboutamazon.com
3981,rogers.com
3982,dndbeyond.com
3983,latamairlines.com
3984,skynet.be
3985,the-sun.com
3986,drive2.ru
3987,g2.com
3988,oclc.org
3989,zyxel.com
3990,paylocity.com
3991,maxpreps.com
3992,realsimple.com
3993,rfa.org
3994,1capp.com
3995,poetryfoundation.org
3996,brainly.com
3997,kayak.com
3998,sudouest.fr
3999,rtl.fr
4000,hwg.org
4001,rozetka.com.ua
4002,goindigo.in
4003,gnavi.co.jp
4004,faceit.com
4005,tripadvisor.es
4006,powerschool.com
4007,iherb.com
4008,kaggle.com
4009,vds-shop.com
4010,idrive.com
4011,ravelry.com
4012,wto.org
4013,avid.com
4014,theweathernetwork.com
4015,cbre.com
4016,ora.com
4017,vidyard.com
4018,airdroid.com
4019,dexscreener.com
4020,bancointer.com.br
4021,thenation.com
4022,spanishdict.com
4023,webcontentassessor.com
4024,booth.pm
4025,demonware.net
4026,mypurecloud.com
4027,pagesjaunes.fr
4028,o2.pl
4029,sporcle.com
4030,musescore.com
4031,theintercept.com
4032,dn.se
4033,arnebrachhold.de
4034,cfr.org
4035,meteoblue.com
4036,archive.is
4037,freewebs.com
4038,gao.gov
4039,ngrok.io
4040,janitorai.com
4041,helsinki.fi
4042,atom.com
4043,netlify.com
4044,observer.com
4045,pushpong.net
4046,lalapush.com
4047,guxidrookr.com
4048,cleveland.com
4049,kraken.com
4050,pdflib.com
4051,thecut.com
4052,vk.ru
4053,flippingbook.com
4054,thomann.de
4055,stake.com
4056,y8.com
4057,adage.com
4058,cpanel.com
4059,yougile.com
4060,stealth.si
4061,autoscout24.de
4062,gumtree.com
4063,dropcam.com
4064,gopro.com
4065,a.co
4066,magento.cloud
4067,scotsman.com
4068,uadns.com
4069,tv2.no
4070,freelancer.com
4071,convertio.co
4072,leagueofgraphs.com
4073,latercera.com
4074,huya.com
4075,ionos.com
4076,vedomosti.ru
4077,forrester.com
4078,niceincontact.com
4079,mux.com
4080,freebitco.in
4081,trip.com
4082,xataka.com
4083,hooshoam.net
4084,now.gg
4085,lilly.com
4086,couthouphaps.com
4087,ku.edu
4088,timeshighereducation.com
4089,fws.gov
4090,eitaa.ir
4091,idealo.de
4092,potterybarn.com
4093,matomo.cloud
4094,dome9.com
4095,google.co.vi
4096,unian.net
4097,tasteofhome.com
4098,devline.tv
4099,google.com.et
4100,nieuwsblad.be
4101,manualslib.com
4102,uw.edu
4103,concursolutions.com
4104,nme.com
4105,gsa.gov
4106,vodafone.com
4107,amazon.cn
4108,washingtonexaminer.com
4109,vietnamnet.vn
4110,thegamer.com
4111,utkonos.ru
4112,getcourse.ru
4113,tudelft.nl
4114,deepai.org
4115,apache-ssl.org
4116,oecd-ilibrary.org
4117,justpremium.com
4118,hobbylobby.com
4119,chinatimes.com
4120,usabilla.com
4121,medicare.gov
4122,linternaute.com
4123,sbercloud.ru
4124,adelement.com
4125,stockx.com
4126,nato.int
4127,respawn.com
4128,fotocasa.es
4129,web.com
4130,livestrong.com
4131,powerreviews.com
4132,360.com
4133,wsj.net
4134,ivanti.com
4135,bms.com
4136,lsu.edu
4137,bell.ca
4138,videoplayerhub.com
4139,braintreegateway.com
4140,planetminecraft.com
4141,kommersant.ru
4142,honor.com
4143,spbtv.com
4144,replit.com
4145,ally.com
4146,sonnen.de
4147,supremecourt.gov
4148,autotrader.co.uk
4149,oregon.gov
4150,sling.com
4151,carrierzone.com
4152,soinluck.com
4153,banahosting.com
4154,yorku.ca
4155,semana.com
4156,zoopla.co.uk
4157,transfermarkt.com
4158,autotrader.com
4159,godaddysites.com
4160,tripadvisor.it
4161,examiner.com
4162,bayern.de
4163,alarm.com
4164,lazada.com.my
4165,setlist.fm
4166,wyndhamhotels.com
4167,pageuppeople.com
4168,hs.fi
4169,wunderkind.co
4170,honeygain.com
4171,maryland.gov
4172,theaustralian.com.au
4173,simplecast.com
4174,freeprivacypolicy.com
4175,superawesome.tv
4176,gigaset.net
4177,calm.com
4178,post-gazette.com
4179,researchnow.com
4180,webnode.com
4181,etc.uz
4182,artnet.com
4183,yango.com
4184,mihanwebhost.com
4185,gocomics.com
4186,yospace.com
4187,xs4all.nl
4188,trenitalia.com
4189,pantip.com
4190,webinar.ru
4191,bitchute.com
4192,sanity.io
4193,geocaching.com
4194,swiggy.com
4195,eurogamer.net
4196,ntp.br
4197,abebooks.com
4198,cbrpay.ru
4199,servetraff.com
4200,lothar.com
4201,blogs.com
4202,utk.edu
4203,qodeinteractive.com
4204,screwfix.com
4205,g123.jp
4206,cloudtrax.com
4207,bstats.org
4208,ilfattoquotidiano.it
4209,sco.gov.pk
4210,sniffies.com
4211,uio.no
4212,orangedata.ru
4213,ashemaletube.com
4214,groww.in
4215,alz.org
4216,jooble.org
4217,fontanka.ru
4218,tv-asahi.co.jp
4219,sonnenbatterie.de
4220,buienradar.nl
4221,clicrbs.com.br
4222,usertesting.com
4223,canvaslms.com
4224,codeforces.com
4225,learnosity.com
4226,tum.de
4227,recruit.co.jp
4228,discover.com
4229,tv2.dk
4230,rferl.org
4231,leroymerlin.com
4232,grab.com
4233,hexun.com
4234,c-span.org
4235,skyeng.ru
4236,tf1info.fr
4237,prismic.io
4238,simply.com
4239,zenodo.org
4240,cuhk.edu.hk
4241,wallapop.com
4242,itunes.com
4243,toyokeizai.net
4244,nhk.jp
4245,bricklink.com
4246,siol.net
4247,nationalreview.com
4248,video.az
4249,deliveryhero.net
4250,alaska.gov
4251,apkmirror.com
4252,aralego.com
4253,leeds.ac.uk
4254,wwd.com
4255,tampabay.com
4256,olx.ro
4257,pornone.com
4258,syr.edu
4259,doodle.com
4260,nur.kz
4261,txxx.com
4262,thinkific.com
4263,irna.ir
4264,gotoresolve.com
4265,retailmenot.com
4266,yaplakal.com
4267,gamer.com.tw
4268,dtln.ru
4269,lu.se
4270,stelronsi.net
4271,medrxiv.org
4272,grafana.net
4273,frameo.net
4274,1cv8update.com
4275,aa.com.tr
4276,cronolog.org
4277,mgtv.com
4278,epfl.ch
4279,haberturk.com
4280,xgroovy.com
4281,nodacdn.net
4282,trackjs.com
4283,jpmorgan.com
4284,firebaseapp.com
4285,pitchfork.com
4286,google.mg
4287,kasserver.com
4288,bigfishgames.com
4289,register.it
4290,blendlabs.com
4291,uni-heidelberg.de
4292,unwomen.org
4293,glip.com
4294,citigroup.com
4295,bokepindoh.fyi
4296,lifehack.org
4297,telefonica.com
4298,rtl.nl
4299,tuoitre.vn
4300,lavozdegalicia.es
4301,yinzcam.com
4302,vsco.co
4303,wolterskluwer.com
4304,puma.com
4305,diy.com
4306,easydns.com
4307,usbank.com
4308,google.sm
4309,copyright.gov
4310,ura.news
4311,ufanet.ru
4312,besoccer.com
4313,cmbchina.com
4314,3ds.com
4315,talkie-ai.com
4316,jigsawplanet.com
4317,hashicorp.com
4318,freecodecamp.org
4319,taxtelecom.ru
4320,elle.fr
4321,chefkoch.de
4322,cafepress.com
4323,kobo.com
4324,pagina12.com.ar
4325,netnod.se
4326,kcl.ac.uk
4327,xbit.jp
4328,readthedocs.org
4329,vine.co
4330,placed.com
4331,shell.com
4332,ahnlab.com
4333,gracenote.com
4334,opaque.net
4335,gate.io
4336,obozrevatel.com
4337,otempo.com.br
4338,paramount.tech
4339,punchmedia.ru
4340,pyrus.com
4341,grotchon.net
4342,ucalgary.ca
4343,hani.co.kr
4344,capital.fr
4345,yts.mx
4346,inventos.ru
4347,mehrnews.com
4348,sony.net
4349,amtrak.com
4350,libreoffice.org
4351,fisglobal.com
4352,articulate.com
4353,lifehacker.ru
4354,tadaickaipt.com
4355,reliefweb.int
4356,servidoresdns.net
4357,rocketcyber.com
4358,optable.co
4359,game8.co
4360,homeadvisor.com
4361,traffmonetizer.com
4362,cnki.net
4363,filmaffinity.com
4364,encyclopedia.com
4365,yoast.com
4366,owhealth.com
4367,iol.co.za
4368,xham.live
4369,1337x.to
4370,y2mate.com
4371,zakon.kz
4372,bidease.com
4373,aznude.com
4374,myway.com
4375,t13.io
4376,go.dev
4377,derwesten.de
4378,azbyka.ru
4379,boomtrain.com
4380,milanuncios.com
4381,angelone.in
4382,ag.gov.au
4383,directnic.com
4384,takealot.com
4385,infura.io
4386,bajajfinserv.in
4387,google.so
4388,on3.com
4389,esri.com
4390,baseball-reference.com
4391,fextralife.com
4392,klikbca.com
4393,amazon.co.za
4394,mail.com
4395,currys.co.uk
4396,oray.net
4397,publico.pt
4398,bnf.fr
4399,ifconfig.io
4400,wbur.org
4401,nyaa.si
4402,beacons.ai
4403,emol.com
4404,logicmonitor.com
4405,exponea.com
4406,abplive.com
4407,databank.com
4408,zillowstatic.com
4409,icons8.com
4410,basecamp.com
4411,surfnet.nl
4412,theonion.com
4413,fashionnova.com
4414,bhphotovideo.com
4415,tate.org.uk
4416,comick.io
4417,rpi.edu
4418,login.gov
4419,springeropen.com
4420,uva.nl
4421,sprint.com
4422,device9.com
4423,delish.com
4424,mysterium.network
4425,mercadolibre.com.co
4426,boxofficemojo.com
4427,attentivemobile.com
4428,icims.com
4429,carvana.com
4430,giga.chat
4431,worldwildlife.org
4432,wynk.in
4433,python.ca
4434,instyle.com
4435,rug.nl
4436,maine.gov
4437,credly.com
4438,ilgiornale.it
4439,euractiv.com
4440,sport1.de
4441,thebalance.com
4442,sport-express.ru
4443,airtel.in
4444,myinsales.ru
4445,cbsi.com
4446,coches.net
4447,skylinewebcams.com
4448,symphony.com
4449,hk01.com
4450,getpublica.com
4451,datatables.net
4452,delicious.com
4453,indiewire.com
4454,ice.com
4455,solitaired.com
4456,agenziaentrate.gov.it
4457,sabah.com.tr
4458,gutefrage.net
4459,skyscrapercity.com
4460,larepublica.pe
4461,1gb.ru
4462,nv.ua
4463,fu-berlin.de
4464,housecallpro.com
4465,uxfeedback.ru
4466,wetest.net
4467,just-eat.com
4468,statsig.com
4469,wdr.de
4470,imagemagick.com
4471,bytens.net
4472,elfinanciero.com.mx
4473,covers.com
4474,exblog.jp
4475,nap.edu
4476,aon.com
4477,solaredge.com
4478,mercadolibre.cl
4479,ecobee.com
4480,ibiblio.org
4481,clinch.co
4482,google.ml
4483,famatech.com
4484,eurogirlsescort.com
4485,deviantart.net
4486,familysearch.org
4487,webmotors.com.br
4488,walmart.com.mx
4489,qatarairways.com
4490,adac.de
4491,fon.bet
4492,fitorf.ru
4493,korrespondent.net
4494,univision.com
4495,kleinezeitung.at
4496,axisbank.com
4497,hankyung.com
4498,poznan.pl
4499,telecinco.es
4500,in.gr
4501,altavista.com
4502,yy.com
4503,afreecatv.com
4504,rbc.ua
4505,getjobber.com
4506,rateyourmusic.com
4507,b92.net
4508,iaai.com
4509,google.li
4510,1024tera.com
4511,beeg.com
4512,eadaily.com
4513,xunlei.com
4514,xxxbfvideos.to
4515,zbporn.com
4516,actionverb.com
4517,owasp.org
4518,dnsexit.com
4519,slickstream.com
4520,liongard.com
4521,colorado.gov
4522,airasia.com
4523,unm.edu
4524,4pda.to
4525,terabox.app
4526,idc.com
4527,google.dj
4528,telewebion.com
4529,brainyquote.com
4530,optimumdesk.com
4531,pdst.fm
4532,4kporn.xxx
4533,x5.ru
4534,carnet.hr
4535,abcp.ru
4536,lavoixdunord.fr
4537,obsproject.com
4538,iq.com
4539,kennasecurity.com
4540,savvasrealize.com
4541,adme.media
4542,platoboost.com
4543,cigna.com
4544,golang.org
4545,principal.com
4546,liputan6.com
4547,sportbox.ru
4548,aws.com
4549,bmwgroup.com
4550,torob.com
4551,statnews.com
4552,irecommend.ru
4553,crystals.ru
4554,bambuser.com
4555,dailyrecord.co.uk
4556,csiro.au
4557,lidl.de
4558,adnkronos.com
4559,isna.ir
4560,icy-veins.com
4561,love4porn.com
4562,radio-canada.ca
4563,programiz.com
4564,filimo.com
4565,osano.com
4566,playhop.com
4567,bolavip.com
4568,adultfriendfinder.com
4569,mixi.jp
4570,fapnfuck.com
4571,august.com
4572,liverpool.com.mx
4573,techopedia.com
4574,swisscom.ch
4575,chapmanganato.to
4576,francetravail.fr
4577,lbl.gov
4578,registry.in
4579,theweek.com
4580,athenahealth.com
4581,tutorialspoint.com
4582,carrefour.fr
4583,bigthink.com
4584,bsky.network
4585,hqporner.com
4586,html5up.net
4587,dns-diy.net
4588,jsonline.com
4589,ledger.com
4590,sbnation.com
4591,tpmn.co.kr
4592,dxc.com
4593,kion.ru
4594,pr3tty-fly-4.net
4595,activehosted.com
4596,btttag.com
4597,thalia.de
4598,cgood.ru
4599,futbol24.com
4600,iloveimg.com
4601,medicalxpress.com
4602,tim.it
4603,looker.com
4604,illinois.gov
4605,openlibrary.org
4606,ghanaweb.com
4607,arbeitsagentur.de
4608,bandsintown.com
4609,prf.hn
4610,playbattlegrounds.com
4611,dzinet.ru
4612,rubika.ir
4613,okezone.com
4614,sportsdirect.com
4615,cifraclub.com.br
4616,bethesda.net
4617,momoshop.com.tw
4618,paddypower.com
4619,entergy.com
4620,logi.com
4621,asm.org
4622,meteofrance.com
4623,klczy.com
4624,miniclip.com
4625,al.com
4626,impactradius-event.com
4627,jiosaavn.com
4628,snapp.ir
4629,itsm365.com
4630,tanx.com
4631,apachetoday.com
4632,kabum.com.br
4633,livetex.ru
4634,google.mk
4635,megagroup.ru
4636,hosttech.ch
4637,netshoes.com.br
4638,andbeyond.media
4639,zdbb.net
4640,technorati.com
4641,dinahosting.com
4642,ankr.com
4643,gyazo.com
4644,geoguessr.com
4645,haproxyedge.net
4646,imtwjwoasak.com
4647,104.com.tw
4648,topwar.ru
4649,toptal.com
4650,jeuxvideo.com
4651,cian.ru
4652,ballotpedia.org
4653,chinanews.com.cn
4654,wikimapia.org
4655,audioeye.com
4656,uvic.ca
4657,passeidireto.com
4658,omny.fm
4659,funda.nl
4660,planalto.gov.br
4661,sooplive.co.kr
4662,axs.com
4663,xhchannel.com
4664,okdiario.com
4665,faberlic.com
4666,detroitnews.com
4667,idntimes.com
4668,dingtalk.com
4669,rwth-aachen.de
4670,cnstrc.com
4671,openedition.org
4672,codeplex.com
4673,sendinblue.com
4674,britishmuseum.org
4675,telus.com
4676,natura.com.br
4677,controlup.com
4678,geo.tv
4679,basalam.com
4680,louvre.fr
4681,asda.com
4682,awsapps.com
4683,ipsos.com
4684,rtvslo.si
4685,northeastern.edu
4686,headspace.com
4687,sbb.rs
4688,mumsnet.com
4689,thespruceeats.com
4690,forexfactory.com
4691,unodc.org
4692,yaklass.ru
4693,infourok.ru
4694,fuckmoral.com
4695,crazyporn.xxx
4696,apartmenttherapy.com
4697,swr.de
4698,telekom.com
4699,control4.com
4700,pornhat.video
4701,ceneo.pl
4702,onedio.com
4703,google.co.ls
4704,kumparan.com
4705,bonappetit.com
4706,travian.com
4707,google.ne
4708,heraldo.es
4709,aig.com
4710,runescape.wiki
4711,freshservice.com
4712,huffingtonpost.es
4713,caf.fr
4714,zedge.net
4715,cldin.eu
4716,youradchoices.ca
4717,dhnet.be
4718,kth.se
4719,ntv.ru
4720,privacy.com.br
4721,resetera.com
4722,news.ru
4723,contentful.com
4724,secondlife.com
4725,lkqd.net
4726,kff.org
4727,catawiki.com
4728,blocket.se
4729,smythstoys.com
4730,ip.tv
4731,chronicle.com
4732,digitaljournal.com
4733,nic.cz
4734,elcorreo.com
4735,ezoic.net
4736,yoomoney.ru
4737,sleepnumber.com
4738,proper.io
4739,copyleft.no
4740,onthemarket.com
4741,prothomalo.com
4742,alza.cz
4743,javatpoint.com
4744,buyee.jp
4745,allmusic.com
4746,monetka.ru
4747,berlin.de
4748,thrillist.com
4749,trusteer.com
4750,cargill.com
4751,w4nkr.com
4752,ndmsystems.com
4753,nami.org
4754,catchthemes.com
4755,thanhnien.vn
4756,igvita.com
4757,macworld.com
4758,pingdom.com
4759,stripecdn.com
4760,revolut.com
4761,akc.org
4762,inbox.lv
4763,nrich.ai
4764,anota.ai
4765,estrelabet.com
4766,host-food.ru
4767,authorize.net
4768,aapanel.com
4769,geneanet.org
4770,mercadopago.com.ar
4771,britishairways.com
4772,sandai.net
4773,dmed.kz
4774,dyn.com
4775,winzip.com
4776,xg4ken.com
4777,literotica.com
4778,pngwing.com
4779,thevirallist.com
4780,zg-api.com
4781,ladesk.com
4782,immowelt.de
4783,steamdb.info
4784,torrid.com
4785,qiita.com
4786,themeansar.com
4787,allporncomic.com
4788,journaldesfemmes.fr
4789,wordstream.com
4790,connectedpdf.com
4791,peakgames.net
4792,bookshop.org
4793,rtbhouse.com
4794,movavi.com
4795,hkjc.com
4796,letelegramme.fr
4797,nrdc.org
4798,5ch.net
4799,unixtools.org
4800,bartleby.com
4801,webpt.com
4802,lepoint.fr
4803,jbl.com
4804,mydramalist.com
4805,betao.com
4806,inews.co.uk
4807,blibli.com
4808,underarmour.com
4809,seznamzpravy.cz
4810,tuasaude.com
4811,maximum-status.com
4812,twitcasting.tv
4813,allthefallen.moe
4814,tiscali.it
4815,mql5.com
4816,ledauphine.com
4817,midjourney.com
4818,babycenter.com
4819,afr.com
4820,tchibo.de
4821,journaldemontreal.com
4822,tui.co.uk
4823,famousbirthdays.com
4824,cmail20.com
4825,picrew.me
4826,videojs.com
4827,is.fi
4828,rawstory.com
4829,appleinsider.com
4830,r-project.org
4831,onepeloton.com
4832,boursorama.com
4833,beget.tech
4834,tpmn.io
4835,west.cn
4836,outsideonline.com
4837,ricoh.com
4838,etrade.com
4839,aip.org
4840,core.ac.uk
4841,tvspielfilm.de
4842,empik.com
4843,liveworksheets.com
4844,grandviewresearch.com
4845,google.cat
4846,seloger.com
4847,wyze.com
4848,lmco.com
4849,dailystar.co.uk
4850,phpmyadmin.net
4851,theporndude.com
4852,crisp.chat
4853,gimkit.com
4854,slidesgo.com
4855,capterra.com
4856,smartnews.com
4857,vwgroup.com
4858,whiterabbitpress.com
4859,tube8.com
4860,vuejs.org
4861,gunbroker.com
4862,vaticannews.va
4863,diamond.jp
4864,sendgrid.com
4865,ambito.com
4866,edmentum.com
4867,very.co.uk
4868,equifax.com
4869,ensonhaber.com
4870,band.us
4871,dropboxstatic.com
4872,relay.school
4873,poe.com
4874,healthcare.gov
4875,inverse.com
4876,turkcell.com.tr
4877,uipath.com
4878,swissinfo.ch
4879,complianz.io
4880,vesselfinder.com
4881,irctc.co.in
4882,zapimoveis.com.br
4883,codecanyon.net
4884,24tv.ua
4885,vodafone.com.tr
4886,relap.io
4887,f95zone.to
4888,geocomply.com
4889,kuleuven.be
4890,tradeinn.com
4891,ssyoutube.com
4892,googlepages.com
4893,pornhat.com
4894,menlosecurity.com
4895,programmatica.com
4896,care.com
4897,jagranjosh.com
4898,kubernetes.io
4899,nfpa.org
4900,yamaha.com
4901,royalroad.com
4902,jabra.com
4903,jpmorganchase.com
4904,complex.com
4905,vhlcentral.com
4906,retailrocket.ru
4907,tn.com.ar
4908,vix.com
4909,linkvertise.com
4910,ml.com
4911,jobs2web.com
4912,ukdevilz.com
4913,biobiochile.cl
4914,hdporncomics.com
4915,getresponse.com
4916,elpais.com.uy
4917,fandango.com
4918,walesonline.co.uk
4919,di.se
4920,astro.com
4921,acsbapp.com
4922,consumerfinance.gov
4923,thewrap.com
4924,funnyjunk.com
4925,tantanapp.com
4926,fonts.net
4927,speakerdeck.com
4928,leprogres.fr
4929,maharashtra.gov.in
4930,krisha.kz
4931,dunelm.com
4932,monopolygo.com
4933,missena.io
4934,money.pl
4935,bseindia.com
4936,mbl.is
4937,cntv.cn
4938,carrefour.es
4939,googlecode.com
4940,cargocollective.com
4941,newsday.com
4942,fortnitetracker.com
4943,siteground.us
4944,google.com.nf
4945,frontapp.com
4946,bunshun.jp
4947,warcraftlogs.com
4948,farlightgames.com
4949,muni.cz
4950,giga.de
4951,noip.com
4952,goibibo.com
4953,sponichi.co.jp
4954,google.ga
4955,navyfederal.org
4956,tycsports.com
4957,smore.com
4958,hackernoon.com
4959,pcpartpicker.com
4960,fragrantica.com
4961,blesk.cz
4962,lesnumeriques.com
4963,navercorp.com
4964,claro.com.ar
4965,google.vu
4966,sudoku.com
4967,bitcoin.org
4968,vanityfair.it
4969,tango.me
4970,dreame.tech
4971,express.de
4972,farming-simulator.com
4973,helpguide.org
4974,halodoc.com
4975,gulfnews.com
4976,klook.com
4977,motortrend.com
4978,infor.pl
4979,lidl.com
4980,heute.at
4981,mofa.gov.sa
4982,bidtheatre.com
4983,filmibeat.com
4984,logitechg.com
4985,reserved.com
4986,boots.com
4987,viva.co.id
4988,torn.com
4989,redgifs.com
4990,pornzog.com
4991,warframe.com
4992,nine.com.au
4993,towardsdatascience.com
4994,rule34.us
4995,cra.cz
4996,freepik.es
4997,paris.fr
4998,cmail19.com
4999,cnews.fr
5000,athlonsports.com
