1,https://help.vimeo.com/hc/en-us/articles/12425450158353-Secure-your-account-with-two-factor-authentication
2,https://help.vimeo.com/hc/en-us/articles/13806764653201-How-to-change-your-video-s-privacy-settings#h_01GQ891KDXKVFFZM7T6C4P4NZ3
3,https://help.vimeo.com/hc/en-us/articles/12426199699985-Overview-of-video-privacy-settings
4,https://help.vimeo.com/hc/en-us/articles/12426206170769-How-to-use-Enterprise-Data-Retention-Tool
5,https://help.vimeo.com/hc/en-us/articles/12426274886801-Enterprise-Team-Library
6,https://www.tiktok.com/@thepurpshop/live
7,https://www.tiktok.com/@imsundry/live
8,https://www.tiktok.com/@wjq6baodanqifei/live
9,https://www.tiktok.com/@mryangaming/live
10,https://www.tiktok.com/@kimberlystylist/live
11,https://www.dropbox.com/replay
12,https://www.dropbox.com/replay#integrations
13,https://linktr.ee/s/about/enterprise/
14,https://coinmarketcap.com/community/
15,https://coinmarketcap.com/community/topics/
16,https://coinmarketcap.com/community/lives/
17,https://coinmarketcap.com/community/articles/
18,https://coinmarketcap.com/currencies/pepe/
19,https://coinmarketcap.com/currencies/mewing/
20,https://coinmarketcap.com/currencies/zeus-network/
21,https://coinmarketcap.com/currencies/dogesquatch/
22,https://coinmarketcap.com/currencies/zydio-ai/
23,https://coinmarketcap.com/currencies/bonk-on-eth/
24,https://coinmarketcap.com/currencies/blackcardcoin/
25,https://coinmarketcap.com/currencies/niza-global/
26,https://coinmarketcap.com/currencies/artrade/
27,https://coinmarketcap.com/community
28,https://coinmarketcap.com/community/profile/coingape/
29,https://coinmarketcap.com/currencies/sec
30,https://coinmarketcap.com/community/recommended-accounts/
31,https://coinmarketcap.com/community/profile/Davincij15/
32,https://coinmarketcap.com/community/profile/Anbessa100/
33,https://coinmarketcap.com/community/profile/galaxisxyz/
34,https://coinmarketcap.com/currencies/bitcoin/
35,https://coinmarketcap.com/currencies/bitcoin/#markets
36,https://coinmarketcap.com/currencies/ethereum/
37,https://coinmarketcap.com/currencies/ethereum/#markets
38,https://coinmarketcap.com/currencies/tether/
39,https://coinmarketcap.com/currencies/tether/#markets
40,https://coinmarketcap.com/currencies/bnb/
41,https://coinmarketcap.com/currencies/bnb/#markets
42,https://coinmarketcap.com/currencies/solana/
43,https://coinmarketcap.com/currencies/solana/#markets
44,https://coinmarketcap.com/currencies/usd-coin/
45,https://coinmarketcap.com/currencies/usd-coin/#markets
46,https://coinmarketcap.com/currencies/xrp/
47,https://coinmarketcap.com/currencies/xrp/#markets
48,https://coinmarketcap.com/currencies/dogecoin/
49,https://coinmarketcap.com/currencies/dogecoin/#markets
50,https://coinmarketcap.com/currencies/toncoin/
51,https://coinmarketcap.com/currencies/toncoin/#markets
52,https://coinmarketcap.com/currencies/cardano/
53,https://coinmarketcap.com/currencies/cardano/#markets
54,https://coinmarketcap.com/currencies/shiba-inu/
55,https://coinmarketcap.com/currencies/shiba-inu/#markets
56,https://coinmarketcap.com/currencies/avalanche/
57,https://coinmarketcap.com/currencies/avalanche/#markets
58,https://coinmarketcap.com/currencies/tron/
59,https://coinmarketcap.com/currencies/tron/#markets
60,https://coinmarketcap.com/currencies/polkadot-new/
61,https://coinmarketcap.com/currencies/polkadot-new/#markets
62,https://coinmarketcap.com/currencies/bitcoin-cash/
63,https://coinmarketcap.com/currencies/bitcoin-cash/#markets
64,https://coinmarketcap.com/currencies/chainlink/
65,https://coinmarketcap.com/currencies/chainlink/#markets
66,https://coinmarketcap.com/currencies/near-protocol/
67,https://coinmarketcap.com/currencies/near-protocol/#markets
68,https://coinmarketcap.com/currencies/polygon/
69,https://coinmarketcap.com/currencies/litecoin/
70,https://coinmarketcap.com/currencies/internet-computer/
71,https://coinmarketcap.com/currencies/unus-sed-leo/
72,https://coinmarketcap.com/currencies/multi-collateral-dai/
73,https://coinmarketcap.com/currencies/uniswap/
74,https://coinmarketcap.com/currencies/render/
75,https://coinmarketcap.com/currencies/ethereum-classic/
76,https://coinmarketcap.com/currencies/hedera/
77,https://coinmarketcap.com/currencies/first-digital-usd/
78,https://coinmarketcap.com/currencies/aptos/
79,https://coinmarketcap.com/currencies/cosmos/
80,https://coinmarketcap.com/currencies/mantle/
81,https://coinmarketcap.com/currencies/cronos/
82,https://coinmarketcap.com/currencies/filecoin/
83,https://coinmarketcap.com/currencies/immutable-x/
84,https://coinmarketcap.com/currencies/stacks/
85,https://coinmarketcap.com/currencies/stellar/
86,https://coinmarketcap.com/currencies/okb/
87,https://coinmarketcap.com/currencies/dogwifhat/
88,https://coinmarketcap.com/currencies/bittensor/
89,https://coinmarketcap.com/currencies/optimism-ethereum/
90,https://coinmarketcap.com/currencies/arbitrum/
91,https://coinmarketcap.com/currencies/the-graph/
92,https://coinmarketcap.com/currencies/kaspa/
93,https://coinmarketcap.com/currencies/maker/
94,https://coinmarketcap.com/currencies/vechain/
95,https://coinmarketcap.com/currencies/sui/
96,https://coinmarketcap.com/currencies/arweave/
97,https://coinmarketcap.com/currencies/monero/
98,https://coinmarketcap.com/currencies/injective/
99,https://coinmarketcap.com/currencies/theta-network/
100,https://coinmarketcap.com/currencies/fetch/
101,https://coinmarketcap.com/currencies/fantom/
102,https://coinmarketcap.com/currencies/thorchain/
103,https://coinmarketcap.com/currencies/lido-dao/
104,https://coinmarketcap.com/currencies/celestia/
105,https://coinmarketcap.com/currencies/floki-inu/
106,https://coinmarketcap.com/currencies/core-dao/
107,https://coinmarketcap.com/currencies/algorand/
108,https://coinmarketcap.com/currencies/bitget-token-new/
109,https://coinmarketcap.com/currencies/bonk1/
110,https://coinmarketcap.com/currencies/jupiter-ag/
111,https://coinmarketcap.com/currencies/sei/
112,https://coinmarketcap.com/currencies/ethena/
113,https://coinmarketcap.com/currencies/gala/
114,https://coinmarketcap.com/currencies/flow/
115,https://coinmarketcap.com/currencies/aave/
116,https://coinmarketcap.com/currencies/singularitynet/
117,https://coinmarketcap.com/currencies/bitcoin-sv/
118,https://coinmarketcap.com/currencies/worldcoin-org/
119,https://coinmarketcap.com/currencies/onbeam/
120,https://coinmarketcap.com/currencies/bittorrent-new/
121,https://coinmarketcap.com/currencies/quant/
122,https://coinmarketcap.com/currencies/wormhole/
123,https://coinmarketcap.com/currencies/pendle/
124,https://coinmarketcap.com/currencies/chiliz/
125,https://coinmarketcap.com/currencies/ondo-finance/
126,https://coinmarketcap.com/currencies/flare/
127,https://coinmarketcap.com/currencies/neo/
128,https://coinmarketcap.com/currencies/multiversx-egld/
129,https://coinmarketcap.com/currencies/akash-network/
130,https://coinmarketcap.com/currencies/axie-infinity/
131,https://coinmarketcap.com/currencies/kucoin-token/
132,https://coinmarketcap.com/currencies/the-sandbox/
133,https://coinmarketcap.com/currencies/dydx-chain/
134,https://coinmarketcap.com/currencies/ecash/
135,https://coinmarketcap.com/currencies/tezos/
136,https://coinmarketcap.com/currencies/jasmy/
137,https://coinmarketcap.com/currencies/starknet-token/
138,https://coinmarketcap.com/currencies/eos/
139,https://coinmarketcap.com/currencies/mina/
140,https://coinmarketcap.com/currencies/ronin/
141,https://coinmarketcap.com/currencies/aioz-network/
142,https://coinmarketcap.com/currencies/synthetix/
143,https://coinmarketcap.com/currencies/conflux-network/
144,https://coinmarketcap.com/currencies/decentraland/
145,https://coinmarketcap.com/currencies/gnosis-gno/
146,https://coinmarketcap.com/currencies/helium/
147,https://coinmarketcap.com/currencies/ordi/
148,https://coinmarketcap.com/currencies/axelar/
149,https://coinmarketcap.com/currencies/nervos-network/
150,https://coinmarketcap.com/da/currencies/solana/
151,https://coinmarketcap.com/nft/collections/eth/0xb47e3cd837ddf8e4c57f05d70ab865de6e193bbb/CryptoPunks/
152,https://coinmarketcap.com/nft/collections/eth/0xbc4ca0eda7647a8ab7c2061c2e118a18a936f13d/BoredApeYachtClub/
153,https://chaturbate.com/cyleoerga/
154,https://chaturbate.com/koketochka555/
155,https://chaturbate.com/emilyweed/
156,https://chaturbate.com/ladysweet_x/
157,https://chaturbate.com/carmela_fox/
158,https://chaturbate.com/_mari_/
159,https://chaturbate.com/aquilaria_/
160,https://chaturbate.com/muslejoker/
161,https://chaturbate.com/tiny_pixiee/
162,https://chaturbate.com/krisi_kiss/
163,https://chaturbate.com/qeeensgambit/
164,https://chaturbate.com/_morpho_/
165,https://chaturbate.com/boobsgwendy/
166,https://chaturbate.com/my_mia_/
167,https://chaturbate.com/bull_vixen2001/
168,https://chaturbate.com/ariadna5/
169,https://chaturbate.com/charming_melody/
170,https://chaturbate.com/lyle_art/
171,https://chaturbate.com/jasper_sweet_arce/
172,https://chaturbate.com/sophia_pond_/
173,https://sendbird.com
174,https://sendbird.com/#main
175,https://sendbird.com/
176,https://sendbird.com/products/chat-messaging
177,https://sendbird.com/docs/business-messaging/guide/v1/client-implementation/uikit/installation#2-ios
178,https://sendbird.com/features/chat-messaging
179,http://sendbird.com/products/chat-messaging
180,http://sendbird.com/products/chat-messaging/features
181,https://sendbird.com/products/chat-messaging/features#message-moderation
182,https://www.backblaze.com/blog/announcing-event-notifications/
183,https://www.backblaze.com/blog/announcing-event-notifications/#
184,https://backblaze.com/blog/announcing-event-notifications/#disqus_thread
185,https://backblaze.com/blog/nvme-vs-m-2-drives/
186,https://backblaze.com/blog/in-honor-of-may-the-fourth-lets-talk-about-the-internet-in-space/
187,https://backblaze.com/blog/backblaze-drive-stats-for-q1-2024/
188,https://www.backblaze.com/blog/cloud-backup-5-0-rapid-access/
189,https://www.backblaze.com/blog/2024-enterprise-control-announcement/
190,https://www.backblaze.com/blog/the-3-2-1-backup-strategy/
191,https://www.backblaze.com/blog/cloud-backup-vs-cloud-sync/
192,https://www.backblaze.com/blog/how-to-make-strong-encryption-easy-to-use/
193,https://www.backblaze.com/blog/vault-cloud-storage-architecture/
194,https://www.backblaze.com/blog/reed-solomon/
195,https://www.backblaze.com/blog/allow-us-to-introduce-ourselves/
196,https://backblaze.com/blog/synology-cloud-backup-guide/
197,https://backblaze.com/blog/backblaze-and-parablu-team-up-to-elevate-security-for-microsoft-365-users/
198,https://backblaze.com/blog/backblaze-wins-nab-product-of-the-year/
199,https://backblaze.com/blog/in-honor-of-may-the-fourth-lets-talk-about-the-internet-in-space/#disqus_thread
200,https://backblaze.com/blog/backblaze-drive-stats-for-q1-2024/#disqus_thread
201,https://backblaze.com/blog/synology-cloud-backup-guide/#disqus_thread
202,https://backblaze.com/blog/backblaze-and-parablu-team-up-to-elevate-security-for-microsoft-365-users/#disqus_thread
203,https://backblaze.com/blog/backblaze-wins-nab-product-of-the-year/#disqus_thread
204,https://backblaze.com/blog/moving-670-network-connections/
205,https://backblaze.com/blog/moving-670-network-connections/#disqus_thread
206,https://backblaze.com/blog/announcing-event-notifications/
207,https://backblaze.com/blog/ai-101-what-is-model-serving/
208,https://backblaze.com/blog/ai-101-what-is-model-serving/#disqus_thread
209,https://backblaze.com/blog/join-backblaze-tech-talks-at-nab-24/
210,https://backblaze.com/blog/join-backblaze-tech-talks-at-nab-24/#disqus_thread
211,https://www.backblaze.com/blog/backblaze-drive-stats-for-Q1-2024/
212,https://www.backblaze.com/blog/backblaze-drive-stats-for-2023/
213,https://www.backblaze.com/blog/backblaze-drive-stats-for-q3-2023/
214,https://www.backblaze.com/blog/backblaze-drive-stats-for-q2-2023/
215,https://www.backblaze.com/blog/backblaze-drive-stats-for-q1-2023/
216,https://www.backblaze.com/blog/backblaze-drive-stats-for-2022/
217,https://www.backblaze.com/blog/backblaze-drive-stats-for-q3-2022/
218,https://www.backblaze.com/blog/backblaze-drive-stats-for-q2-2022/
219,https://www.backblaze.com/blog/backblaze-drive-stats-for-q1-2022/
220,https://www.backblaze.com/blog/backblaze-drive-stats-for-2021/
221,https://www.backblaze.com/blog/backblaze-drive-stats-for-q3-2021/
222,https://www.backblaze.com/blog/backblaze-drive-stats-for-q2-2021/
223,https://www.backblaze.com/blog/backblaze-hard-drive-stats-q1-2021/
224,https://www.backblaze.com/blog/backblaze-hard-drive-stats-for-2020/
225,https://www.backblaze.com/blog/backblaze-hard-drive-stats-q3-2020/
226,https://www.backblaze.com/blog/backblaze-hard-drive-stats-q2-2020/
227,https://www.backblaze.com/blog/backblaze-hard-drive-stats-q1-2020/
228,https://www.backblaze.com/blog/hard-drive-stats-for-2019/
229,https://www.backblaze.com/blog/backblaze-hard-drive-stats-q3-2019/
230,https://www.backblaze.com/blog/hard-drive-stats-q2-2019
231,https://www.backblaze.com/blog/backblaze-hard-drive-stats-q1-2019
232,https://www.backblaze.com/blog/hard-drive-stats-for-2018
233,https://www.backblaze.com/blog/2018-hard-drive-failure-rates
234,https://www.pornhub.com
235,https://pornhub.mainhub.com
236,https://www.redtube.com
237,https://www.pornhub.com/
238,https://www.redtube.com/
239,https://www.youporn.com/
240,https://www.pornhub.com/video
241,https://www.youporn.com/porntags/angela-white/
242,https://www.redtube.com/gay
243,https://www.pornhub.com/video?o=ht&cc=us
244,https://www.redtube.com/redtube/transgender
245,https://www.pornhub.com/video?o=tr
246,https://www.youporn.com/porntags/bbc-dp/
247,https://www.redtube.com/search
248,https://www.pornhub.com/video?o=mv&cc=us
249,https://www.pornhub.com/likedvideos
250,https://www.youporn.com/porntags/real-amateur/
251,https://www.redtube.com/pornstar
252,https://www.youporn.com/porntags/perfect-ass/
253,https://www.youporn.com/porntags/missionary-creampie/
254,https://www.pornhub.com/categories
255,https://www.redtube.com/recently_viewed/history
256,https://www.redtube.com/community
257,https://www.youporn.com/porntags/lesbian-double-dildo/
258,https://www.pornhub.com/video?c=138
259,https://www.redtube.com/members
260,https://www.pornhub.com/video?c=139
261,https://www.youporn.com/category/squirting/
262,https://www.pornhub.com/vr
263,https://www.youporn.com/category/interracial/
264,https://www.pornhub.com/video?c=28
265,https://www.redtube.com.br/?setlang=pt
266,https://www.youporn.com/category/masturbation/
267,https://www.pornhub.com/categories/teen
268,https://www.youporn.com/category/blonde/
269,https://www.redtube.com/103225041
270,https://www.redtube.com/pornstar/alix+lovell
271,https://gate.sendbird.com
272,https://coinmarketcap.com/currencies/electroneum/?utm_medium=widget&utm_campaign=cmcwidget&utm_source=legacy-blockexplorer.electroneum.com&utm_content=electroneum
273,https://help.coinhako.com
274,https://help.coinhako.com/portal/en/newticket?departmentId=668860000000006907&layoutId=668860000000074011#layoutContainer
275,https://help.coinhako.com/portal/en/newticket?departmentId=668860000000006907&layoutId=668860000000074011#headerContainer
276,https://help.coinhako.com/portal/en/newticket?departmentId=668860000000006907&layoutId=668860000000074011#footer
277,https://help.coinhako.com/portal/en/newticket
278,https://help.coinhako.com/portal/en/newticket?departmentId=668860000000006907
279,https://www.pornhub.com/recommended
280,https://www.pornhub.com/video?o=cm
281,https://www.redtube.com/hot?cc=us
282,https://www.redtube.com/categories
283,https://www.redtube.com/channel
284,https://www.pornhub.com/video?c=29
285,https://www.pornhub.com/video?c=17
286,https://www.pornhub.com/video?c=35
287,https://www.pornhub.com/video?c=181
288,https://www.redtube.com/pornstar/laci+laine
289,https://www.pornhub.com/video?c=27
290,https://www.pornhub.com/video?c=65
291,https://www.pornhub.com/video?c=111
292,https://www.redtube.com/pornstar/isabel+dean
293,https://www.pornhub.com/categories/hentai
294,https://www.redtube.com/pornstar/louise+lee
295,https://www.pornhub.com/gayporn
296,https://www.pornhub.com/transgender
297,https://www.redtube.com/channels/bangbros
298,https://www.pornhub.com/pornstars?performerType=amateur
299,https://www.redtube.com/pornstar/danny+steele
300,https://www.pornhub.com/pornstars?performerType=pornstar
301,https://www.redtube.com/pornstar/valentina+jewels
302,https://www.redtube.com/103637681
303,https://www.pornhub.com/pornstars?o=t
304,https://www.redtube.com/channels/interracialpass
305,https://www.pornhub.com/pornstars?o=mv
306,https://www.redtube.com/pornstar/keeani+lei
307,https://www.pornhub.com/channels
308,https://www.redtube.com/pornstar/shane+diesel
309,https://www.pornhub.com/playlists
310,https://www.redtube.com/103089461
311,https://www.redtube.com/channels/premiumgfs
312,https://www.pornhub.com/gifs
313,https://www.redtube.com/pornstar/kodi+gamble
314,https://www.pornhub.com/albums
315,https://www.redtube.com/102727451
316,https://www.pornhub.com/contest_hub
317,https://www.pornhub.com/contest_hub/viewers_choice
318,https://www.redtube.com/103071721
319,https://www.pornhub.com/user/discover
320,https://www.redtube.com/channels/hushpass
321,https://www.redtube.com/pornstar/courtney+simpson
322,https://www.redtube.com/102578581
323,https://www.redtube.com/channels/girlsway
324,https://www.redtube.com/pornstar/reena+sky
325,https://www.redtube.com/pornstar/romi+rain
326,https://www.pornhub.com/video/search?search=goth+egg
327,https://www.redtube.com/102418821
328,https://www.pornhub.com/video/search?search=renee+rose
329,https://www.redtube.com/102551501
330,https://www.pornhub.com/video/search?search=%D8%B3%DA%A9%D8%B3+%D9%81%D8%A7%D8%B1%D8%B3%DB%8C
331,https://www.redtube.com/channels/lovehomeporn
332,https://www.pornhub.com/video/search?search=star+wars
333,https://www.redtube.com/103718571
334,https://www.pornhub.com/video/search?search=alex+coal
335,https://www.redtube.com/pornstar/brooke+banner
336,https://www.pornhub.com/video/search?search=naked+girls
337,https://www.redtube.com/102275451
338,https://www.pornhub.com/video/search?search=ellie+nova
339,https://www.pornhub.com/video/search?search=autumn+falls
340,https://www.redtube.com/102554001
341,https://www.pornhub.com/video/search?search=angie+faith
342,https://www.redtube.com/pornstar/celeste+star
343,https://www.pornhub.com/pornstar/alexis-crystal
344,https://www.redtube.com/103518061
345,https://www.redtube.com/pornstar/roxy+deville
346,https://www.pornhub.com/model/carla-cute
347,https://www.redtube.com/recommended
348,https://www.pornhub.com/model/porn-force
349,https://www.redtube.com/102949181
350,https://www.pornhub.com/pornstar/danika-mori
351,https://www.redtube.com/102743441
352,https://www.pornhub.com/front/signup?redirect=vFbYqESu4Tl8_qFOxD8RInhRKXOWftlLtC52vwyiJEMsMUis5v9ZKjTQVMKLOHAW
353,https://www.redtube.com/103964781
354,https://www.pornhub.com/video?p=homemade&o=tr
355,https://www.pornhub.com/video/random
356,https://www.pornhub.com/view_video.php?viewkey=66150846b1e7a
357,https://www.redtube.com/103896431
358,https://www.pornhub.com/model/nolube
359,https://www.pornhub.com/view_video.php?viewkey=6620e89e09fd8
360,https://www.pornhub.com/model/hoesomefun
361,https://www.redtube.com/103687551
362,https://www.pornhub.com/view_video.php?viewkey=6603166898c37
363,https://www.redtube.com/102729611
364,https://www.pornhub.com/model/luna-roul
365,https://www.redtube.com/pornstar/boz
366,https://www.pornhub.com/view_video.php?viewkey=6549b6c0307cc
367,https://www.redtube.com/pornstar/melrose+foxxx
368,https://www.pornhub.com/view_video.php?viewkey=ph63bf8d0dbae11&pkey=307566841
369,https://www.redtube.com/103465211
370,https://www.pornhub.com/playlist/307566841
371,https://www.redtube.com/channels/camsoda
372,https://www.redtube.com/pornstar/carmela+clutch
373,https://www.redtube.com/pornstar/james+angel
374,https://www.youporn.com
375,https://www.redtube.com/43666641
376,https://www.pornhub.com/view_video.php?viewkey=ph63bf8d0dbae11&pkey=307566551
377,https://www.pornhub.com/playlist/307566551
378,https://www.youporn.com/#
379,https://www.redtube.com/pornstar/alexis+crystal
380,https://www.pornhub.com/channels/family-strokes
381,https://www.redtube.com/pornstar/joss+lescaf
382,https://www.pornhub.com/channels/my-pervy-family
383,https://www.redtube.com/newest
384,https://www.pornhub.com/gay/categories
385,https://www.youporn.com/porntags/breastfeeding/
386,https://www.pornhub.com/video?c=8
387,https://www.redtube.com/top
388,https://www.youporn.com/porntags/hairy-anal/
389,https://www.pornhub.com/video?c=24
390,https://www.redtube.com/top?period=weekly
391,https://www.pornhub.com/video?c=86
392,https://www.redtube.com/top?period=monthly
393,https://www.youporn.com/porntags/sunny-leone/
394,https://www.pornhub.com/video?c=10
395,https://www.redtube.com/top?period=alltime
396,https://www.youporn.com/porntags/hotel-maid/
397,https://www.pornhub.com/video?c=15
398,https://www.pornhub.com/video?c=80
399,https://www.pornhub.com/video?c=7
400,https://www.redtube.com/mostfavored?period=weekly
401,https://www.pornhub.com/video?c=22
402,https://www.youporn.com/porntags/thick-asian/
403,https://www.redtube.com/mostfavored?period=monthly
404,https://www.pornhub.com/video?c=69
405,https://www.youporn.com/porntags/turkish/
406,https://www.redtube.com/mostfavored?period=alltime
407,https://www.pornhub.com/pornstar/lisa-ann
408,https://www.youporn.com/categories/
409,https://www.redtube.com/mostviewed
410,https://www.pornhub.com/pornstar/adriana-chechik
411,https://www.redtube.com/mostviewed?period=weekly
412,https://www.redtube.com/mostviewed?period=monthly
413,https://www.pornhub.com/pornstar/valentina-nappi
414,https://www.pornhub.com/pornstar/ava-addams
415,https://www.redtube.com/longest
416,https://www.pornhub.com/pornstar/alexis-fawx
417,https://www.youporn.com/category/creampie/
418,https://www.pornhub.com/pornstars?breasttype=fake
419,https://www.youporn.com/category/pov/
420,https://www.redtube.com/longest?period=monthly
421,https://www.pornhub.com/pornstars?breasttype=natural
422,https://www.youporn.com/category/redhead/
423,https://www.pornhub.com/pornstars?cup=a
424,https://www.youporn.com/category/compilation/
425,https://www.redtube.com/inyourlanguage/en
426,https://www.pornhub.com/pornstars?cup=f-z
427,https://www.youporn.com/category/bbw/
428,https://www.redtube.com/categories?cc=us
429,https://www.pornhub.com/pornstars?hair=red
430,https://www.youporn.com/category/romantic/
431,https://www.redtube.com/redtube/amateur
432,https://www.pornhub.com/pornstars?hair=blonde
433,https://www.pornhub.com/pornstars?hair=brunette
434,https://www.redtube.com/redtube/anal
435,https://www.youporn.com/category/brunette/
436,https://www.pornhub.com/pornstars?piercings=yes
437,https://www.youporn.com/pornstars/
438,https://www.pornhub.com/pornstars?tattoos=yes
439,https://www.youporn.com/gay/pornstar/austin-andrews/
440,https://www.redtube.com/redtube/arab
441,https://www.pornhub.com/pornstars?ethnicity=asian
442,https://www.youporn.com/pornstar/maggie-star/
443,https://www.redtube.com/redtube/asian
444,https://www.youporn.com/pornstar/simone-valentino/
445,https://www.pornhub.com/pornstars?ethnicity=middle+eastern
446,https://www.youporn.com/pornstar/hercules/
447,https://www.redtube.com/redtube/bbw
448,https://www.pornhub.com/pornstars?ethnicity=latin
449,https://www.youporn.com/channels/
450,https://www.redtube.com/redtube/bigass
451,https://www.pornhub.com/pornstars?ethnicity=black
452,https://www.youporn.com/channel/passion-hd/
453,https://www.pornhub.com/pornstars?ethnicity=indian
454,https://www.youporn.com/channel/la-france-a-poil/
455,https://www.pornhub.com/pornstars?ethnicity=white
456,https://www.redtube.com/redtube/bigtits
457,https://www.youporn.com/channel/reality-kings/
458,https://www.pornhub.com/pornstars?age=18-20
459,https://www.redtube.com/redtube/blonde
460,https://www.youporn.com/channel/puba/
461,https://www.pornhub.com/pornstars?age=30-40
462,https://www.redtube.com/redtube/blowjob
463,https://www.youporn.com/channel/mofos/
464,https://www.pornhub.com/pornstars?age=40-99
465,https://www.youporn.com/channel/nubile-films/
466,https://www.redtube.com/redtube/bondage
467,https://www.pornhub.com/user/search?verified=1&gender=2&orientation=0&relation=0&o=newest&age1=0&age2=0
468,https://www.youporn.com/channel/team-skeet/
469,https://www.redtube.com/redtube/brazilian
470,https://www.pornhub.com/user/search?verified=1&gender=3&orientation=0&relation=0&o=newest&age1=0&age2=0
471,https://www.youporn.com/channel/the-habib-show/
472,https://www.redtube.com/redtube/brunette
473,https://www.youporn.com/channel/massage-rooms/
474,https://www.pornhub.com/user/search?verified=1&gender=1&orientation=0&relation=0&o=newest&age1=0&age2=0
475,https://www.pornhub.com/user/discover/popular_verified_members
476,https://www.youporn.com/channel/babes/
477,https://www.redtube.com/redtube/bukkake
478,https://www.pornhub.com/user/search?online=1&verified=1&gender=0&orientation=0&relation=0&o=newest&age1=0&age2=0
479,https://www.youporn.com/channel/dogfart-network/
480,https://www.redtube.com/redtube/cartoon
481,https://www.pornhub.com/contest_hub/viewers_choice/vic-alouqua
482,https://www.youporn.com/channel/mydirtyhobby/
483,https://www.redtube.com/redtube/casting
484,https://www.pornhub.com/contest_hub/viewers_choice/horny69rabbits
485,https://www.youporn.com/recommended/
486,https://www.redtube.com/redtube/celebrity
487,https://www.pornhub.com/contest_hub/viewers_choice/littlebuffbrunette
488,https://www.youporn.com/browse/time/
489,https://www.redtube.com/redtube/college
490,https://www.pornhub.com/contest_hub/viewers_choice/namiguns
491,https://www.redtube.com/redtube/compilation
492,https://www.youporn.com/most_viewed/
493,https://www.pornhub.com/model/jenny-lux
494,https://www.youporn.com/most_favorited/
495,https://www.pornhub.com/pornstar/indica-flower
496,https://www.youporn.com/collections/
497,https://www.pornhub.com/model/lexisstar
498,https://www.redtube.com/redtube/cosplay
499,https://www.youporn.com/register/
500,https://www.pornhub.com/pornstar/jak-knife
501,https://www.redtube.com/redtube/creampie
502,https://www.youporn.com/watch-history/
503,https://www.pornhub.com/model/misha-silk
504,https://www.redtube.com/redtube/cumshot
505,https://www.youporn.com/category/teens/
506,https://www.pornhub.com/model/zannah-paige
507,https://www.redtube.com/redtube/doublepenetration
508,https://www.youporn.com/category/lesbian/
509,https://www.redtube.com/redtube/ebony
510,https://www.pornhub.com/model/cat-woman-1979
511,https://www.youporn.com/category/amateur/
512,https://www.pornhub.com/pornstar/rave-baby
513,https://www.youporn.com/category/mature/
514,https://www.pornhub.com/user/discover/most_viewed_users
515,https://www.redtube.com/redtube/facials
516,https://www.youporn.com/category/anal/
517,https://www.youporn.com/category/milf/
518,https://www.redtube.com/redtube/feet
519,https://www.pornhub.com/model/annaz19
520,https://www.youporn.com/category/bigtits/
521,https://www.redtube.com/redtube/femaleorgasm
522,https://www.youporn.com/category/blowjob/
523,https://www.pornhub.com/model/farahxnxx
524,https://www.redtube.com/redtube/fetish
525,https://www.youporn.com/category/asian/
526,https://www.redtube.com/redtube/french
527,https://www.youporn.com/category/public/
528,https://www.redtube.com/redtube/funny
529,https://www.youporn.com/category/ebony/
530,https://www.redtube.com/redtube/gangbang
531,https://www.youporn.com/category/fetish/
532,https://www.youporn.com/pornstars/subscribers/
533,https://www.youporn.com/porntags/18-yo/
534,https://www.redtube.com/redtube/hd
535,https://www.pornhub.com/gifs?o=tr
536,https://www.youporn.com/porntags/amateur/
537,https://www.redtube.com/redtube/hentai
538,https://www.youporn.com/porntags/big-cock/
539,https://www.pornhub.com/gifs?o=mv
540,https://www.redtube.com/redtube/indian
541,https://www.youporn.com/porntags/cumshot/
542,https://www.pornhub.com/albums/female-straight
543,https://www.redtube.com/redtube/interracial
544,https://www.pornhub.com/albums/female-straight?o=tr
545,https://www.pornhub.com/albums/female-straight?o=mv
546,https://www.redtube.com/redtube/latina
547,https://www.youporn.com/porntags/homemade/
548,https://www.youporn.com/porntags/missionary/
549,https://www.redtube.com/redtube/lesbian
550,https://www.youporn.com/porntags/best-pussy/
551,https://www.pornhub.com/gif/48927631
552,https://www.redtube.com/redtube/lingerie
553,https://www.pornhub.com/gif/48709761
554,https://www.pornhub.com/gif/48827941
555,https://www.youporn.com/porntags/blowjob/
556,https://www.redtube.com/redtube/masturbation
557,https://www.pornhub.com/gif/48709871
558,https://www.youporn.com/porntags/creampie/
559,https://www.redtube.com/redtube/mature
560,https://www.pornhub.com/album/78203631
561,https://www.pornhub.com/album/78207211
562,https://www.redtube.com/redtube/milf
563,https://www.youporn.com/porntags/hardcore/
564,https://www.pornhub.com/album/74032931
565,https://www.redtube.com/redtube/orgy
566,https://www.youporn.com/porntags/huge-cumshot/
567,https://www.pornhub.com/album/76460101
568,https://www.pornhub.com/albums?search=tits
569,https://www.youporn.com/porntags/paisley-rae/
570,https://www.pornhub.com/albums?search=ass
571,https://www.redtube.com/redtube/party
572,https://www.youporn.com/porntags/perfect-body/
573,https://www.pornhub.com/albums?search=pussy
574,https://www.redtube.com/redtube/pissing
575,https://www.youporn.com/porntags/perfect-pussy/
576,https://www.pornhub.com/albums?search=amateur
577,https://www.youporn.com/porntags/sex/
578,https://www.redtube.com/redtube/pov
579,https://www.pornhub.com/albums?search=dick
580,https://www.youporn.com/porntags/small-tits/
581,https://www.redtube.com/redtube/public
582,https://www.pornhub.com/albums?search=teen
583,https://www.pornhub.com/albums?search=hentai
584,https://www.redtube.com/redtube/reality
585,https://www.youporn.com/watch/17160017/sharing-a-bed-with-my-sisters-best-friend/
586,https://www.pornhub.com/albums?search=sex
587,https://www.youporn.com/watch/17012886/step-brothers-take-turns-cumming-on-my-virgin-pussy/
588,https://www.redtube.com/redtube/redhead
589,https://www.pornhub.com/albums?search=boobs
590,https://www.youporn.com/watch/102721911/
591,https://www.redtube.com/redtube/romantic
592,https://www.pornhub.com/pornstar/alex-coal
593,https://www.redtube.com/redtube/rough
594,https://www.youporn.com/watch/102725391/
595,https://www.pornhub.com/pornstar/autumn-falls
596,https://www.redtube.com/redtube/solomale
597,https://www.youporn.com/channel/mommys-boy/
598,https://www.pornhub.com/model/gina-wap
599,https://www.redtube.com/redtube/squirting
600,https://www.youporn.com/watch/17087233/watching-porn-with-stepsister-and-fucking-her-hard-anny-walker/
601,https://www.youporn.com/watch/103787351/
602,https://www.redtube.com/redtube/stepfantasy
603,https://www.pornhub.com/pornstar/armani-black
604,https://www.youporn.com/watch/14557761/cheerleader-fucked-after-4pm-detention/
605,https://www.redtube.com/redtube/teens
606,https://www.pornhub.com/pornstar/frances-bentley
607,https://www.youporn.com/channel/tiny-4k/
608,https://www.redtube.com/redtube/threesome
609,https://www.pornhub.com/video/search?search=alex+marin
610,https://www.youporn.com/pornstar/paisley-rae/
611,https://www.redtube.com/redtube/toys
612,https://www.youporn.com/watch/103767061/
613,https://www.pornhub.com/view_video.php?viewkey=66159582accd6
614,https://www.redtube.com/redtube/verifiedamateurs
615,https://www.youporn.com/channel/devils-film/
616,https://www.redtube.com/redtube/vintage
617,https://www.youporn.com/watch/103787251/
618,https://www.pornhub.com/model/serenity-cox
619,https://www.redtube.com/redtube/virtualreality
620,https://www.youporn.com/watch/16928862/hey-amber-your-husband-gave-me-4-cumshots-a-creampie-ooops/
621,https://www.pornhub.com/view_video.php?viewkey=66132aaea423f
622,https://www.redtube.com/redtube/webcam
623,https://www.youporn.com/category/verifiedamateurs/
624,https://www.pornhub.com/view_video.php?viewkey=65f101a15dcde
625,https://www.redtube.com/redtube/youngandold
626,https://www.pornhub.com/model/josie-jaxxon
627,https://www.pornhub.com/view_video.php?viewkey=66206cdc0c6e9
628,https://www.redtube.com/102107281
629,https://www.youporn.com/country/us/united-states/
630,https://www.pornhub.com/pornstar/alex-adams
631,https://www.youporn.com/watch/102721721/
632,https://www.pornhub.com/view_video.php?viewkey=662e7b2ee222e
633,https://www.redtube.com/103290411
634,https://www.youporn.com/watch/16872784/wife-films-me-pounding-her-hot-friends-wet-pussy-then-makes-her-lick-her-clit-till-she-cums/
635,https://www.pornhub.com/view_video.php?viewkey=661d6623516a5
636,https://www.youporn.com/watch/102908381/
637,https://www.pornhub.com/model/scott-stark
638,https://www.redtube.com/102117421
639,https://www.youporn.com/channel/drilled-xxx/
640,https://www.youporn.com/watch/103793001/
641,https://www.pornhub.com/view_video.php?viewkey=66127db62531d
642,https://www.redtube.com/103002411
643,https://www.youporn.com/watch/102927831/
644,https://www.pornhub.com/model/candy-love
645,https://www.redtube.com/102414761
646,https://www.youporn.com/channel/producers-fun/
647,https://www.pornhub.com/view_video.php?viewkey=6613285f837c7
648,https://www.youporn.com/watch/102808571/
649,https://www.youporn.com/watch/102755751/
650,https://www.youporn.com/channel/family-hookups/
651,https://www.pornhub.com/view_video.php?viewkey=66196714ebc88
652,https://www.redtube.com/102352971
653,https://www.youporn.com/watch/103792101/
654,https://www.pornhub.com/model/hannah-louu
655,https://www.youporn.com/watch/102958721/
656,https://www.youporn.com/channel/fitness-rooms/
657,https://www.pornhub.com/view_video.php?viewkey=661af4d503142
658,https://www.youporn.com/watch/103075881/
659,https://www.pornhub.com/view_video.php?viewkey=65f5c173df23b
660,https://www.youporn.com/watch/103080471/
661,https://www.redtube.com/103450461
662,https://www.youporn.com/channel/blacked-raw/
663,https://www.pornhub.com/view_video.php?viewkey=661429bbf3f33
664,https://www.youporn.com/watch/102792431/
665,https://www.pornhub.com/view_video.php?viewkey=65cf6fa6ebf83
666,https://www.redtube.com/102801231
667,https://www.pornhub.com/channels/milfed
668,https://www.youporn.com/channel/step-siblings-caught/
669,https://www.redtube.com/103646321
670,https://www.pornhub.com/view_video.php?viewkey=65708e584fe59
671,https://www.youporn.com/watch/102871771/
672,https://www.redtube.com/channels/8teenhub
673,https://www.pornhub.com/channels/cum4k
674,https://www.youporn.com/channel/digital-playground/
675,https://www.redtube.com/pornstar/elle+brook
676,https://www.pornhub.com/view_video.php?viewkey=6610b0988d807
677,https://www.youporn.com/watch/102869061/
678,https://www.redtube.com/pornstar/jools+brooke
679,https://www.youporn.com/channel/hot-4-milf/
680,https://www.pornhub.com/view_video.php?viewkey=65d6759132dc3
681,https://www.redtube.com/straight/playlists/toptrending
682,https://www.youporn.com/watch/103056711/
683,https://www.pornhub.com/channels/property-sex
684,https://www.redtube.com/103200901?pkey=4252511
685,https://www.youporn.com/watch/103065881/
686,https://www.pornhub.com/view_video.php?viewkey=660ec9350ffa0
687,https://www.redtube.com/playlist/4252511
688,https://www.youporn.com/channel/latina-milf/
689,https://www.pornhub.com/model/tim_deen
690,https://www.redtube.com/189170341?pkey=2348321
691,https://www.youporn.com/watch/103091691/
692,https://www.redtube.com/playlist/2348321
693,https://www.pornhub.com/view_video.php?viewkey=6613b12298e33
694,https://www.youporn.com/channel/dorcelclub/
695,https://www.pornhub.com/model/teen-meat
696,https://www.youporn.com/watch/102785831/
697,https://www.redtube.com/189196041?pkey=273511
698,https://www.youporn.com/channel/teeny-taboo/
699,https://www.redtube.com/playlist/273511
700,https://www.youporn.com/watch/103773741/
701,https://www.redtube.com/40967871?pkey=748381
702,https://www.youporn.com/channel/joy-bear/
703,https://www.redtube.com/playlist/748381
704,https://www.youporn.com/watch/103064931/
705,https://www.redtube.com/189181921?pkey=115951
706,https://www.youporn.com/watch/102869731/
707,https://www.youporn.com/channel/girlsway/
708,https://www.redtube.com/189195941?pkey=140097
709,https://www.youporn.com/watch/102911631/
710,https://www.redtube.com/playlist/140097
711,https://www.youporn.com/watch/102868461/
712,https://www.redtube.com/pornstar/cory+chase
713,https://www.youporn.com/channel/zero-tolerance-films/
714,https://www.redtube.com/pornstar/veronica+leal
715,https://www.youporn.com/watch/102984521/
716,https://www.youporn.com/channel/pepe-porn/
717,https://www.redtube.com/pornstar/penny+barber
718,https://www.youporn.com/watch/103039581/
719,https://www.youporn.com/channel/ersties/
720,https://www.youporn.com/watch/102840061/
721,https://www.youporn.com/channel/tenshigao/
722,https://www.youporn.com/watch/103795671/
723,https://www.youporn.com/channel/dream-tranny/
724,https://www.youporn.com/watch/102845671/
725,https://www.youporn.com/channel/freeuse-milf/
726,https://www.youporn.com/watch/103788921/
727,https://www.youporn.com/channel/do-the-wife/
728,https://www.youporn.com/watch/103787771/
729,https://www.youporn.com/channel/8teenhub/
730,https://www.youporn.com/channel/dorcel-classics/
731,https://www.youporn.com/watch/103660041/
732,https://www.youporn.com/channel/ladyboy-69/
733,https://www.youporn.com/watch/102790391/
734,https://www.youporn.com/watch/102911211/
735,https://www.youporn.com/channel/brazzers/
736,https://www.youporn.com/watch/103784851/
737,https://www.youporn.com/channel/lezbebad/
738,https://www.youporn.com/watch/102883521/
739,https://www.youporn.com/watch/102952051/
740,https://www.youporn.com/channel/met-art-x/
741,https://www.youporn.com/watch/103004081/
742,https://www.youporn.com/channel/letsdoeit/
743,https://www.youporn.com/?page=2
744,https://www.youporn.com/?page=3
745,https://www.youporn.com/?page=4
746,https://www.youporn.com/?page=5
747,https://www.youporn.com/?page=6
748,https://www.youporn.com/?page=10
749,https://www.youporn.com/sitemap.html
750,https://www.youporn.com/contentpartnerprogram/
751,https://www.youporn.com/switch-device/mobile_touch
752,https://www.youporn.com/gay/
753,https://www.youporn.com/porntags/milf-lesbian/
754,https://www.youporn.com/porntags/friends/
755,https://www.youporn.com/porntags/doggy/
756,https://www.atlassian.com/confluence-sandbox-editor
757,https://community.etsy.com/t5/forums/postpage/choose-node/true
758,https://community.etsy.com/t5/forums/postpage/category-id/forums/choose-node/true
759,https://www.dropbox.com/replay#main-content
760,https://www.intercom.com/webinars
761,https://community.etsy.com/t5/forums/postpage/board-id/bugs
762,https://www.dropbox.com/replay#features
763,https://www.dropbox.com/replay#integrations
764,https://linktr.ee/s/about/enterprise/
765,https://www.dropbox.com/replay#dropbox
766,https://www.dropbox.com/replay#manage-cookies
767,https://www.myconnect.com.au/post/moving-house-guide
768,https://docs.kuna.io/reference
769,https://coinmarketcap.com/currencies/wicrypt/markets/?ref=iopay.me
770,https://developer.mozilla.org/en-US/play
771,https://developers.newline53.com/reference/post_auth
772,https://developers.newline53.com/reference/get_customers
773,https://developers.newline53.com/reference/post_customers
774,https://developers.newline53.com/reference/get_customers-uid
775,https://developers.newline53.com/reference/put_customers-uid
776,https://developers.newline53.com/reference/delete_customers-uid
777,https://developers.newline53.com/reference/get_pools
778,https://developers.newline53.com/reference/get_pools-uid
779,https://developers.newline53.com/reference/get_products
780,https://developers.newline53.com/reference/get_products-uid
781,https://developers.newline53.com/reference/get_customer-products
782,https://developers.newline53.com/reference/post_customer-products
783,https://developers.newline53.com/reference/get_customer-products-uid
784,https://developers.newline53.com/reference/get_custodial-accounts
785,https://developers.newline53.com/reference/get_custodial-accounts-uid
786,https://developers.newline53.com/reference/get_synthetic-account-types
787,https://developers.newline53.com/reference/get_synthetic-account-types-uid
788,https://developers.newline53.com/reference/get_synthetic-accounts
789,https://developers.newline53.com/reference/post_synthetic-accounts
790,https://developers.newline53.com/reference/get_synthetic-accounts-uid
791,https://developers.newline53.com/reference/put_synthetic-accounts-uid
792,https://developers.newline53.com/reference/delete_synthetic-accounts-uid
793,https://developers.newline53.com/reference/get_transfers
794,https://developers.newline53.com/reference/post_transfers
795,https://developers.newline53.com/reference/get_transfers-uid
796,https://developers.newline53.com/reference/put_transfers-uid-cancel
797,https://developers.newline53.com/reference/post_sandbox-mock-transactions
798,https://developers.newline53.com/reference/get_transactions
799,https://developers.newline53.com/reference/get_transactions-uid
800,https://developers.newline53.com/reference/get_transaction-events
801,https://developers.newline53.com/reference/get_transaction-events-uid
802,https://developers.newline53.com/reference/get_synthetic-line-items
803,https://developers.newline53.com/reference/get_synthetic-line-items-uid
804,https://developers.newline53.com/reference/get_custodial-line-items
805,https://developers.newline53.com/reference/get_custodial-line-items-uid
806,https://developers.newline53.com/reference/get_debit-cards
807,https://developers.newline53.com/reference/post_debit-cards
808,https://developers.newline53.com/reference/get_debit-cards-uid
809,https://developers.newline53.com/reference/put_debit-cards-uid-activate
810,https://developers.newline53.com/reference/put_debit-cards-uid-lock
811,https://developers.newline53.com/reference/put_debit-cards-uid-unlock
812,https://developers.newline53.com/reference/put_debit-cards-uid-reissue
813,https://developers.newline53.com/reference/get_debit-cards-uid-pin-change-token
814,https://developers.newline53.com/reference/get_debit-cards-uid-access-token
815,https://developers.newline53.com/reference/put_debit-cards-uid-migrate
816,https://developers.newline53.com/reference/get_assets-virtual-card-image
817,https://developers.newline53.com/reference/sandbox
818,https://developers.newline53.com/reference/debit-cards
819,https://www.oberlo.fr/blog/revenus-passifs
820,https://www.oberlo.fr/blog/quand-poster-sur-instagram
821,https://www.oberlo.fr/blog/podcast-entrepreneur
822,https://www.oberlo.fr/blog/commerce-en-ligne
823,https://www.oberlo.fr/blog/print-on-demand
824,https://www.oberlo.fr/blog/creer-entreprise
825,https://www.oberlo.fr/blog/devenir-entrepreneur
826,https://www.oberlo.fr/blog/lucas-bivert-dropshipper
827,https://www.oberlo.fr/blog/startuper-serial-entrepreneur
828,https://www.oberlo.fr/blog/conseils-marketing-influence
829,https://www.oberlo.fr/blog/succes-dropshipping-ebay
830,https://www.oberlo.fr/blog/compte-pro-en-ligne
831,https://www.oberlo.fr/blog/vendre-sur-facebook
832,https://www.oberlo.fr/blog/dropshipping-aliexpress
833,https://www.oberlo.fr/blog/vendre-des-tableaux-en-ligne
834,https://www.oberlo.fr/blog/logiciel-retouche-photo
835,https://www.oberlo.fr/blog/guide-ultime-hashtags-sur-instagram
836,https://www.oberlo.fr/blog/nom-domaine
837,https://www.oberlo.fr/blog/travail-en-ligne
838,https://www.oberlo.fr/blog/dropshipping-maroc
839,https://www.oberlo.fr/blog/dropshipper-francais
840,https://www.oberlo.fr/blog/metiers-de-la-communication
841,https://www.oberlo.fr/blog/remuneration-youtube
842,https://www.oberlo.fr/blog/ouvrir-commerce-france
843,https://www.oberlo.fr/blog/retouche-photo-gratuite
844,https://www.oberlo.fr/blog/comment-devenir-influenceur
845,https://www.oberlo.fr/blog/business-plan-exemple
846,https://www.oberlo.fr/blog/cours-en-ligne
847,https://www.oberlo.fr/blog/revenus-passifs/
848,https://www.oberlo.fr/blog/acheter-en-gros-pour-revendre
849,https://www.oberlo.fr/blog/business-en-ligne
850,https://www.oberlo.fr/blog/comment-monter-son-entreprise-sans-argent
851,https://www.oberlo.fr/blog/formation-marketing-digital
852,https://www.oberlo.fr/blog/discord
853,https://www.oberlo.fr/blog/complement-salaire
854,https://www.oberlo.fr/blog/vendre-ses-creations
855,https://www.oberlo.fr/blog/bio-instagram
856,https://www.oberlo.fr/blog/french-days
857,https://www.oberlo.fr/blog/des-entrepreneurs-expliquent-l-entrepreneuriat
858,https://www.oberlo.fr/blog/plateforme-e-commerce
859,https://www.oberlo.fr/blog/vendre-sur-cdiscount
860,https://www.oberlo.fr/blog/format-video-instagram
861,https://www.oberlo.fr/blog/prix-d-un-site-internet
862,https://www.oberlo.fr/blog/shop-pay
863,https://www.oberlo.fr/blog/calendrier-editorial
864,https://www.oberlo.fr/blog/crowdfunding
865,https://www.oberlo.fr/blog/la-livraison-epacket-qu-est-ce-que-c-est
866,https://www.oberlo.fr/blog/banques-images-gratuites
867,https://www.oberlo.fr/blog/chiffres-facebook
868,https://www.oberlo.fr/blog/metiers-avenir
869,https://www.oberlo.fr/blog/travail-a-distance
870,https://www.oberlo.fr/blog/trafic-internet-mobile
871,https://www.oberlo.fr/blog/creer-boutique-en-ligne
872,https://www.oberlo.fr/blog/travail-domicile
873,https://www.oberlo.fr/blog/tiktok-tendances
874,https://www.oberlo.fr/blog/creer-site-internet
875,https://www.oberlo.fr/blog/calendrier-marketing
876,https://www.oberlo.fr/blog/cahier-des-charges-exemples-et-mode-d-emploi
877,https://www.oberlo.fr/blog/idees-de-creation-d-entreprise-pour-gagner-de-l-argent
878,https://www.oberlo.fr/blog/site-marchand
879,https://www.oberlo.fr/blog/point-de-vente
880,https://www.oberlo.fr/blog/headless-ecommerce
881,https://www.oberlo.fr/blog/e-commerce
882,https://www.oberlo.fr/blog/click-and-collect
883,https://www.oberlo.fr/blog/fournisseur-dropshipping
884,https://www.oberlo.fr/blog/se-lancer-dans-le-e-commerce
885,https://www.oberlo.fr/blog/vendre-sur-instagram
886,https://www.oberlo.fr/blog/independance-financiere
887,https://www.oberlo.fr/blog/panier-dachat
888,https://www.oberlo.fr/blog/whatsapp-business
889,https://www.oberlo.fr/blog/cyber-monday
890,https://www.oberlo.fr/blog/black-friday-marketing
891,https://www.oberlo.fr/blog/comment-gagner-argent-tiktok
892,https://www.oberlo.fr/blog/formation-autoentrepreneur
893,https://www.oberlo.fr/blog/shopify-vs-woocommerce
894,https://www.oberlo.fr/blog/vendre-livres
895,https://www.oberlo.fr/blog/qui-sommes-nous-exemple
896,https://www.oberlo.fr/blog/aide-a-la-creation-d-entreprise
897,https://www.oberlo.fr/blog/vendre-photos-internet
898,https://www.oberlo.fr/blog/logiciel-comptabilite
899,https://www.oberlo.fr/blog/logiciel-montage-audio
900,https://www.oberlo.fr/blog/generateurs-de-noms-de-marque-gratuits
901,https://www.oberlo.fr/blog/top-20-logiciels-gratuits-de-montage-video
902,https://www.oberlo.fr/blog/strategie-multicanal
903,https://www.oberlo.fr/blog/gagner-argent-internet
904,https://www.oberlo.fr/blog/site-e-commerce
905,https://www.oberlo.fr/blog/que-vendre-sur-internet-trouver-des-produits-dropshipping
906,https://www.oberlo.fr/blog/boutique-e-commerce
907,https://www.oberlo.fr/blog/commerce-international
908,https://www.oberlo.fr/blog/vendre-ses-vetements
909,https://www.oberlo.fr/blog/canaux-vente
910,https://www.oberlo.fr/blog/creer-site-marchand
911,https://www.oberlo.fr/blog/social-selling-ecommerce
912,https://www.oberlo.fr/blog/vendre-en-ligne
913,https://www.oberlo.fr/blog/meilleurs-sites-vente-en-ligne
914,https://www.oberlo.fr/blog/creation-site-e-commerce
915,https://www.oberlo.fr/blog/creer-une-entreprise-en-ligne
916,https://www.oberlo.fr/blog/job-etudiant
917,https://www.oberlo.fr/blog/commerce-equitable
918,https://www.oberlo.fr/blog/dropshipping-legal
919,https://www.oberlo.fr/blog/statistiques-twitter
920,https://www.oberlo.fr/blog/theme-shopify
921,https://www.oberlo.fr/blog/google-my-business
922,https://www.oberlo.fr/blog/application-pour-gagner-de-l-argent
923,https://www.oberlo.fr/blog/buyer-persona
924,https://www.oberlo.fr/blog/shopify-ou-prestashop
925,https://www.oberlo.fr/blog/marketing-mix
926,https://www.oberlo.fr/blog/monter-son-entreprise
927,https://www.oberlo.fr/blog/metaverse
928,https://www.oberlo.fr/blog/google-keyword-planner
929,https://www.oberlo.fr/blog/livre-blanc
930,https://www.oberlo.fr/blog/conversion-tailles-asiatiques-en-tailles-francaises
931,https://www.oberlo.fr/blog/segmentation-marketing
932,https://www.oberlo.fr/blog/parcours-client
933,https://www.oberlo.fr/blog/shopify-app
934,https://www.oberlo.fr/blog/outils-visioconference
935,https://www.oberlo.fr/blog/petites-entreprises-en-france
936,https://www.oberlo.fr/blog/tiktok-statistiques
937,https://www.oberlo.fr/blog/loi-tva-2021-dropshipping
938,https://www.oberlo.fr/blog/black-friday-france
939,https://www.oberlo.fr/blog/chiffres-instagram
940,https://www.oberlo.fr/blog/compte-bloque
941,https://www.oberlo.fr/blog/inbound-marketing
942,https://www.oberlo.fr/blog/pub-instagram
943,https://www.oberlo.fr/blog/chiffres-reseaux-sociaux
944,https://www.oberlo.fr/blog/produits-a-vendre-black-friday
945,https://www.oberlo.fr/blog/publicite-youtube
946,https://www.oberlo.fr/blog/ecommerce-france
947,https://www.oberlo.fr/blog/graphiste-freelance
948,https://www.oberlo.fr/blog/taille-image-reseaux-sociaux
949,https://www.oberlo.fr/blog/fiverr-france
950,https://www.oberlo.fr/blog/lettre-de-demission
951,https://www.oberlo.fr/blog/part-marche-moteurs-recherche
952,https://www.oberlo.fr/blog/stream-twitch
953,https://www.oberlo.fr/blog/taille-miniature-youtube
954,https://www.oberlo.fr/blog/story-instagram
955,https://www.oberlo.fr/blog/ab-testing
956,https://www.oberlo.fr/blog/gagnez-en-visibilite-sur-instagram
957,https://www.oberlo.fr/blog/20-produits-et-accessoires-tendance
958,https://www.oberlo.fr/blog/crise-economique
959,https://www.oberlo.fr/blog/top-medias-sociaux
960,https://www.oberlo.fr/blog/facebook-live
961,https://www.oberlo.fr/blog/t-shirt-personnalise
962,https://www.oberlo.fr/blog/business-plan
963,https://www.oberlo.fr/blog/shopify-dropshipping
964,https://www.oberlo.fr/blog/enlever-fond-image
965,https://www.oberlo.fr/blog/amazon-chiffres
966,https://community.companyofheroes.com/coh-franchise-home/company-of-heroes-3/blogs/44-coh3-jacket-raffle
967,https://community.companyofheroes.com/coh-franchise-home/company-of-heroes-3/forums/2-welcome-info/threads/1-company-of-heroes-community-code-of-conduct-code-of-heroes?page=1#post-1
968,https://community.companyofheroes.com/coh-franchise-home/company-of-heroes-3/blogs/124-community-event-drawing-the-victory
969,https://community.twopointcounty.com/two-point-studios/two-point-campus/blogs/72-destitute-institute-challenge-mode-and-new-item-bundle-available-now
970,https://community.companyofheroes.com/coh-franchise-home/company-of-heroes-3/blogs/124-community-event-drawing-the-victory?page=1
971,https://community.companyofheroes.com/coh-franchise-home/company-of-heroes-3/blogs/122-pc-1-6-6-hot-fix
972,https://community.twopointcounty.com/two-point-studios/two-point-campus/blogs/72-destitute-institute-challenge-mode-and-new-item-bundle-available-now?page=1
973,https://community.companyofheroes.com/coh-franchise-home/company-of-heroes-3/blogs/122-pc-1-6-6-hot-fix?page=1
974,https://community.companyofheroes.com/coh-franchise-home/company-of-heroes-3/blogs/121-pc-1-6-5-patch-notes
975,https://community.companyofheroes.com/coh-franchise-home/company-of-heroes-3/blogs/121-pc-1-6-5-patch-notes?page=1
976,https://community.twopointcounty.com/two-point-studios/two-point-campus/blogs/70-two-point-campus-modding-competition-build-it-your-way
977,https://community.twopointcounty.com/two-point-studios/two-point-campus/blogs/70-two-point-campus-modding-competition-build-it-your-way?page=1
978,https://community.companyofheroes.com/coh-franchise-home/company-of-heroes-3/forums/8-coh3-multiplayer/threads/11852-designate-assault-position?page=1
979,https://community.companyofheroes.com/coh-franchise-home/company-of-heroes-3/forums/8-coh3-multiplayer/threads/11852-designate-assault-position?page=1#post-39263
980,https://community.twopointcounty.com/two-point-studios/two-point-campus/votes/14-build-it-your-way-community-competition-favourite
981,https://community.companyofheroes.com/coh-franchise-home/company-of-heroes-3/forums/1-general-discussion/threads/11861-m1-carbine-vs-m1-garand?page=1
982,https://community.twopointcounty.com/two-point-studios/two-point-campus/votes/14-build-it-your-way-community-competition-favourite?page=1
983,https://community.companyofheroes.com/coh-franchise-home/company-of-heroes-3/forums/1-general-discussion/threads/11861-m1-carbine-vs-m1-garand?page=1#post-39262
984,https://community.twopointcounty.com/two-point-studios/two-point-campus/forums/3-ideas-suggestions/threads/360-next-game-idea?page=1
985,https://community.companyofheroes.com/coh-franchise-home/company-of-heroes-3/forums/8-coh3-multiplayer/threads/11330-about-l60?page=1
986,https://community.twopointcounty.com/two-point-studios/two-point-campus/forums/3-ideas-suggestions/threads/360-next-game-idea?page=1#post-6602
987,https://community.twopointcounty.com/two-point-studios/two-point-campus/forums/10-tpc-bug-reports/threads/1713-please-fix-the-constant-crashing-on-ps5?page=1
988,https://community.companyofheroes.com/coh-franchise-home/company-of-heroes-3/forums/8-coh3-multiplayer/threads/11330-about-l60?page=1#post-39261
989,https://community.twopointcounty.com/two-point-studios/two-point-campus/forums/10-tpc-bug-reports/threads/1713-please-fix-the-constant-crashing-on-ps5?page=1#post-6601
990,https://community.companyofheroes.com/coh-franchise-home/company-of-heroes-3/forums/8-coh3-multiplayer/threads/11860-ranger-scale-like-a-non-specified-nation-with-theoretically-high-inflation?page=1
991,https://community.companyofheroes.com/coh-franchise-home/company-of-heroes-3/forums/8-coh3-multiplayer/threads/11860-ranger-scale-like-a-non-specified-nation-with-theoretically-high-inflation?page=1#post-39260
992,https://community.twopointcounty.com/two-point-studios/two-point-campus/forums/3-ideas-suggestions/threads/1712-cooperation-of-assignment-help-in-new-york-to-do-excel-in-career?page=1
993,https://community.companyofheroes.com/coh-franchise-home/company-of-heroes-3/forums/9-coh3-feedback/threads/11838-future-of-heavy-tanks-in-coh3?page=1
994,https://community.twopointcounty.com/two-point-studios/two-point-campus/forums/3-ideas-suggestions/threads/1712-cooperation-of-assignment-help-in-new-york-to-do-excel-in-career?page=1#post-6599
995,https://community.companyofheroes.com/coh-franchise-home/company-of-heroes-3/forums/9-coh3-feedback/threads/11838-future-of-heavy-tanks-in-coh3?page=1#post-39256
996,https://community.twopointcounty.com/two-point-studios/two-point-campus/forums/3-ideas-suggestions/threads/1711-universe-city-strange-meteors-research-project?page=1
997,https://community.companyofheroes.com/coh-franchise-home/company-of-heroes-3/forums/8-coh3-multiplayer/threads/11850-new-patch-no-game?page=1
998,https://community.twopointcounty.com/two-point-studios/two-point-campus/forums/3-ideas-suggestions/threads/1711-universe-city-strange-meteors-research-project?page=1#post-6598
999,https://community.companyofheroes.com/coh-franchise-home/company-of-heroes-3/forums/8-coh3-multiplayer/threads/11850-new-patch-no-game?page=1#post-39255
1000,https://community.companyofheroes.com/coh-franchise-home/company-of-heroes-3/forums/1-general-discussion/threads/11859-grasshopper-easter-eggs?page=1
1001,https://community.companyofheroes.com/coh-franchise-home/company-of-heroes-3/forums/1-general-discussion/threads/11859-grasshopper-easter-eggs?page=1#post-39254
1002,https://community.companyofheroes.com/coh-franchise-home/company-of-heroes-3/forums/1-general-discussion/threads/10637-game-constantly-crashing?page=1
1003,https://community.twopointcounty.com/two-point-studios/two-point-campus/forums/3-ideas-suggestions/threads/206-an-option-to-also-remove-courses?page=1#post-6597
1004,https://community.companyofheroes.com/coh-franchise-home/company-of-heroes-3/forums/1-general-discussion/threads/10637-game-constantly-crashing?page=1#post-39252
1005,https://community.companyofheroes.com/coh-franchise-home/company-of-heroes-3/forums/8-coh3-multiplayer/threads/11804-seems-maphacker-is-widely-used?page=1
1006,https://community.twopointcounty.com/two-point-studios/two-point-campus/forums/1-general-discussion/threads/1710-nintendo-switch-two-point-campus-crashes?page=1
1007,https://community.companyofheroes.com/coh-franchise-home/company-of-heroes-3/forums/8-coh3-multiplayer/threads/11804-seems-maphacker-is-widely-used?page=1#post-39250
1008,https://community.companyofheroes.com/coh-franchise-home/company-of-heroes-3/forums/8-coh3-multiplayer/threads/11848-report-map-chat-coh3?page=1
1009,https://community.twopointcounty.com/two-point-studios/two-point-campus/forums/1-general-discussion/threads/1710-nintendo-switch-two-point-campus-crashes?page=1#post-6596
1010,https://community.companyofheroes.com/coh-franchise-home/company-of-heroes-3/forums/8-coh3-multiplayer/threads/11848-report-map-chat-coh3?page=1#post-39247
1011,https://community.companyofheroes.com/coh-franchise-home/company-of-heroes-3/forums/2-welcome-info/threads/1-company-of-heroes-community-code-of-conduct-code-of-heroes
1012,https://community.twopointcounty.com/two-point-studios/two-point-campus/forums/1-general-discussion/threads/1107-can-t-get-connection-to-steam?page=2#post-6595
1013,https://community.companyofheroes.com/coh-franchise-home/company-of-heroes-3/blogs/120-pc-1-6-5-mission-briefing
1014,https://community.companyofheroes.com/coh-franchise-home/company-of-heroes-3/blogs/119-1-6-5-unit-responsiveness
1015,https://community.twopointcounty.com/two-point-studios/two-point-campus/forums/1-general-discussion/threads/1709-redeem-issue-for-enrollment-edition?page=1
1016,https://community.twopointcounty.com/two-point-studios/two-point-campus/forums/1-general-discussion/threads/1709-redeem-issue-for-enrollment-edition?page=1#post-6589
1017,https://community.companyofheroes.com/coh-franchise-home/company-of-heroes-legacy/forums/4-company-of-heroes-1-general/threads/11773-report-abusive-player?page=1
1018,https://community.twopointcounty.com/two-point-studios/two-point-campus/forums/10-tpc-bug-reports/threads/1706-blundergrad-path-painting-bug?page=1
1019,https://community.companyofheroes.com/coh-franchise-home/company-of-heroes-legacy/forums/4-company-of-heroes-1-general/threads/11773-report-abusive-player?page=1#post-38872
1020,https://community.twopointcounty.com/two-point-studios/two-point-campus/forums/10-tpc-bug-reports/threads/1706-blundergrad-path-painting-bug?page=1#post-6586
1021,https://community.companyofheroes.com/coh-franchise-home/company-of-heroes-legacy/forums/5-company-of-heroes-2-general/threads/4815-mobile-versions-of-coh-2-amp-3?page=1
1022,https://community.twopointcounty.com/two-point-studios/two-point-campus/forums/10-tpc-bug-reports/threads/898-ps5-error-crashes?page=1
1023,https://community.companyofheroes.com/coh-franchise-home/company-of-heroes-legacy/forums/5-company-of-heroes-2-general/threads/4815-mobile-versions-of-coh-2-amp-3?page=1#post-38694
1024,https://community.twopointcounty.com/two-point-studios/two-point-campus/forums/10-tpc-bug-reports/threads/898-ps5-error-crashes?page=1#post-6585
1025,https://community.companyofheroes.com/coh-franchise-home/company-of-heroes-legacy/forums/5-company-of-heroes-2-general/threads/1938-relic-do-something-against-cheaters-bots?page=1
1026,https://community.companyofheroes.com/coh-franchise-home/company-of-heroes-legacy/forums/5-company-of-heroes-2-general/threads/1938-relic-do-something-against-cheaters-bots?page=1#post-38600
1027,https://community.companyofheroes.com/coh-franchise-home/company-of-heroes-legacy/forums/5-company-of-heroes-2-general/threads/11655-linux-coh2-crashes-on-launch?page=1
1028,https://community.companyofheroes.com/coh-franchise-home/company-of-heroes-legacy/forums/5-company-of-heroes-2-general/threads/11655-linux-coh2-crashes-on-launch?page=1#post-38298
1029,https://community.companyofheroes.com/coh-franchise-home/company-of-heroes-legacy/forums/4-company-of-heroes-1-general/threads/2915-coh1-api?page=1
1030,https://community.companyofheroes.com/coh-franchise-home/company-of-heroes-legacy/forums/4-company-of-heroes-1-general/threads/2915-coh1-api?page=1#post-38271
1031,https://community.twopointcounty.com/two-point-studios/two-point-hospital/blogs/20-two-point-hospital-speedy-recovery-brand-new-dlc-coming-15th-march
1032,https://community.companyofheroes.com/coh-franchise-home/company-of-heroes-legacy/forums/5-company-of-heroes-2-general/threads/11553-why-my-account-is-a-beginner-account-%C2%BFporqu-es-mi-cuenta-un-cuenta-reci-n-creada?page=1
1033,https://community.companyofheroes.com/coh-franchise-home/company-of-heroes-legacy/forums/5-company-of-heroes-2-general/threads/11553-why-my-account-is-a-beginner-account-%C2%BFporqu-es-mi-cuenta-un-cuenta-reci-n-creada?page=1#post-38140
1034,https://community.companyofheroes.com/coh-franchise-home/company-of-heroes-legacy/forums/4-company-of-heroes-1-general/threads/11549-i-suspect-it-is-a-bar-count-please-confirm-accurately?page=1
1035,https://community.companyofheroes.com/coh-franchise-home/company-of-heroes-legacy/forums/4-company-of-heroes-1-general/threads/11549-i-suspect-it-is-a-bar-count-please-confirm-accurately?page=1#post-38095
1036,https://community.twopointcounty.com/two-point-studios/two-point-hospital/blogs/22-two-point-hospital-speedy-recovery-out-now-on-pc
1037,https://community.companyofheroes.com/coh-franchise-home/company-of-heroes-legacy/forums/5-company-of-heroes-2-general/threads/11551-are-the-uk-vickers-k-still-buged-estan-las-vcikers-k-de-la-uk-bugeadas-todav%C3%ADa?page=1
1038,https://community.twopointcounty.com/two-point-studios/two-point-hospital/blogs/21-two-point-hospital-speedy-recovery-dev-interview
1039,https://community.companyofheroes.com/coh-franchise-home/company-of-heroes-legacy/forums/5-company-of-heroes-2-general/threads/11551-are-the-uk-vickers-k-still-buged-estan-las-vcikers-k-de-la-uk-bugeadas-todav%C3%ADa?page=1#post-38062
1040,https://community.twopointcounty.com/two-point-studios/two-point-hospital/blogs/17-sonic-has-arrived-in-two-point-hospital
1041,https://community.companyofheroes.com/coh-franchise-home/company-of-heroes-legacy/forums/5-company-of-heroes-2-general/threads/11564-gra-nie-dzia%C5%82a?page=1#post-38007
1042,https://community.twopointcounty.com/two-point-studios/two-point-hospital/blogs/16-two-point-hospital-jumbo-edition-out-now-on-console
1043,https://community.companyofheroes.com/coh-franchise-home/company-of-heroes-legacy/forums/5-company-of-heroes-2-general/threads/11563-psa-for-usf-players?page=1
1044,https://community.companyofheroes.com/coh-franchise-home/company-of-heroes-legacy/forums/5-company-of-heroes-2-general/threads/11563-psa-for-usf-players?page=1#post-38003
1045,https://community.twopointcounty.com/two-point-studios/two-point-hospital/blogs/15-two-point-hospital-a-stitch-in-time-out-now-on-steam
1046,https://community.twopointcounty.com/two-point-studios/two-point-hospital/blogs/14-feature-focus-r-e-m-i-x-on-console
1047,https://community.twopointcounty.com/two-point-studios/two-point-hospital/blogs/13-two-point-hospital-jumbo-edition-upgrade-paths
1048,https://community.twopointcounty.com/two-point-studios/two-point-hospital/blogs/12-feature-focus-room-templates-on-console
1049,https://community.companyofheroes.com/coh-franchise-home/company-of-heroes-3/blogs/44-coh3-jacket-raffle?page=0
1050,https://community.companyofheroes.com/coh-franchise-home/company-of-heroes-3/blogs/44-coh3-jacket-raffle?page=2
1051,https://community.twopointcounty.com/two-point-studios/two-point-hospital/blogs/10-sega-60th-anniversary-free-items
1052,https://community.companyofheroes.com/coh-franchise-home/company-of-heroes-3/blogs/44-coh3-jacket-raffle?page=3
1053,https://community.companyofheroes.com/coh-franchise-home/company-of-heroes-3/blogs/44-coh3-jacket-raffle?page=4
1054,https://community.twopointcounty.com/two-point-studios/two-point-hospital/blogs/9-room-templates-deep-dive
1055,https://community.companyofheroes.com/coh-franchise-home/company-of-heroes-3/blogs/44-coh3-jacket-raffle?page=5
1056,https://community.twopointcounty.com/two-point-studios/two-point-hospital/blogs/8-faq-superbugs-online-collaborative-projects
1057,https://community.companyofheroes.com/coh-franchise-home/company-of-heroes-3/blogs/44-coh3-jacket-raffle?page=6
1058,https://community.companyofheroes.com/coh-franchise-home/company-of-heroes-3/blogs/44-coh3-jacket-raffle?page=7
1059,https://community.twopointcounty.com/two-point-studios/two-point-hospital/blogs/7-creating-the-soundtrack-devblog-w-cedar-studios
1060,https://community.companyofheroes.com/coh-franchise-home/company-of-heroes-3/blogs/44-coh3-jacket-raffle?page=8
1061,https://community.twopointcounty.com/two-point-studios/two-point-campus/blogs/23-two-point-campus-release-date-news
1062,https://community.companyofheroes.com/coh-franchise-home/company-of-heroes-3/forums/2-welcome-info/threads/2-reporting-sanctions-appeals
1063,https://community.twopointcounty.com/two-point-studios/two-point-hospital/forums/9-welcome-info/threads/2-code-of-conduct-two-point-county-guidelines?page=1#post-2
1064,https://community.companyofheroes.com/coh-franchise-home/company-of-heroes-3/blogs/121-pc-1-6-5-patch-notes?page=0
1065,https://community.companyofheroes.com/coh-franchise-home/company-of-heroes-3/blogs/121-pc-1-6-5-patch-notes?page=2
1066,https://community.twopointcounty.com/two-point-studios/two-point-campus/blogs/71-leap-year-creative-competition
1067,https://community.twopointcounty.com/two-point-studios/two-point-campus/blogs/69-update-10-0-out-now
1068,https://community.twopointcounty.com/two-point-studios/two-point-campus/blogs/68-modding-out-now-custom-items-on-all-platforms
1069,https://community.companyofheroes.com/coh-franchise-home/company-of-heroes-3/forums/9-coh3-feedback/threads/11821-challange-does-not-complete?page=1
1070,https://community.companyofheroes.com/coh-franchise-home/company-of-heroes-3/forums/9-coh3-feedback/threads/11821-challange-does-not-complete?page=1#post-39246
1071,https://community.companyofheroes.com/coh-franchise-home/company-of-heroes-3/forums/9-coh3-feedback/threads/11818-elo-1000-hack-drop-hack-interrupt-lag-game-when-winning-the-game?page=1
1072,https://community.companyofheroes.com/coh-franchise-home/company-of-heroes-3/forums/9-coh3-feedback/threads/11818-elo-1000-hack-drop-hack-interrupt-lag-game-when-winning-the-game?page=1#post-39245
1073,https://community.companyofheroes.com/coh-franchise-home/company-of-heroes-3/forums/8-coh3-multiplayer/threads/11858-inconsistent-damage-from-small-arms-and-flamers?page=1
1074,https://community.companyofheroes.com/coh-franchise-home/company-of-heroes-3/forums/8-coh3-multiplayer/threads/11858-inconsistent-damage-from-small-arms-and-flamers?page=1#post-39243
1075,https://community.companyofheroes.com/coh-franchise-home/company-of-heroes-3/forums/7-coh3-singleplayer/threads/11345-lest-we-forget-trophy-impossible-to-get?page=1
1076,https://community.companyofheroes.com/coh-franchise-home/company-of-heroes-3/forums/7-coh3-singleplayer/threads/11345-lest-we-forget-trophy-impossible-to-get?page=1#post-39240
1077,https://community.companyofheroes.com/coh-franchise-home/company-of-heroes-3/forums/1-general-discussion/threads/11752-screenshots-and-epic-covers-coh3?page=1
1078,https://community.companyofheroes.com/coh-franchise-home/company-of-heroes-3/forums/1-general-discussion/threads/11752-screenshots-and-epic-covers-coh3?page=4#post-39239
1079,https://community.companyofheroes.com/coh-franchise-home/company-of-heroes-3/forums/1-general-discussion/threads/11620-french-forces-faction-suggestion?page=1
1080,https://community.companyofheroes.com/coh-franchise-home/company-of-heroes-3/forums/1-general-discussion/threads/11620-french-forces-faction-suggestion?page=1#post-39237
1081,https://community.companyofheroes.com/coh-franchise-home/company-of-heroes-3/forums/1-general-discussion/threads/11621-achievements-terra-nostra-and-gung-ho-are-broken?page=1
1082,https://community.companyofheroes.com/coh-franchise-home/company-of-heroes-3/forums/1-general-discussion/threads/11621-achievements-terra-nostra-and-gung-ho-are-broken?page=1#post-39236
1083,https://community.companyofheroes.com/coh-franchise-home/company-of-heroes-3/forums/1-general-discussion/threads/11301-bugsplat-every-second-game?page=1
1084,https://community.companyofheroes.com/coh-franchise-home/company-of-heroes-3/forums/1-general-discussion/threads/11301-bugsplat-every-second-game?page=1#post-39223
1085,https://community.companyofheroes.com/coh-franchise-home/company-of-heroes-3/forums/1-general-discussion/threads/11857-game-crashing-on-campaign?page=1
1086,https://community.companyofheroes.com/coh-franchise-home/company-of-heroes-3/forums/1-general-discussion/threads/11857-game-crashing-on-campaign?page=1#post-39221
1087,https://community.companyofheroes.com/coh-franchise-home/company-of-heroes-3/forums/7-coh3-singleplayer/threads/7636-how-to-unlock-lest-we-forget-achievement-in-coh3?page=1
1088,https://community.companyofheroes.com/coh-franchise-home/company-of-heroes-3/forums/7-coh3-singleplayer/threads/7636-how-to-unlock-lest-we-forget-achievement-in-coh3?page=3#post-39220
1089,https://community.twopointcounty.com/two-point-studios/two-point-campus/forums/1-general-discussion/threads/1107-can-t-get-connection-to-steam?page=1
1090,https://community.twopointcounty.com/two-point-studios/two-point-campus/forums/1-general-discussion/threads/1107-can-t-get-connection-to-steam?page=2
1091,https://community.twopointcounty.com/two-point-studios/two-point-campus/forums/1-general-discussion/threads/1107-can-t-get-connection-to-steam?page=3
1092,https://v1docs.spark.ai/reference/post-engagement
1093,https://v1docs.spark.ai/reference/get-engagement
1094,https://v1docs.spark.ai/reference/get-engagement-token
1095,https://v1docs.spark.ai/reference/post-image
1096,https://v1docs.spark.ai/reference/post-video
1097,https://v1docs.spark.ai/reference/post-ping
1098,https://v1docs.spark.ai/reference/v1engagement
1099,https://v1docs.spark.ai/reference/v1image
1100,https://v1docs.spark.ai/reference/v1video
1101,https://v1docs.spark.ai/reference/v1ping
1102,https://v1docs.spark.ai/reference/post-engagement#content
1103,https://v1docs.spark.ai/reference/get-engagement#content
1104,https://v1docs.spark.ai/reference/get-engagement-token#content
1105,https://v1docs.spark.ai/reference/post-image#content
1106,https://v1docs.spark.ai/reference/post-video#content
1107,https://v1docs.spark.ai/reference/post-ping#content
1108,https://metview.cbre.com
1109,https://ventes-total.cbre.fr
1110,https://ventes-total-uat.cbre.fr
1111,https://ventes-total-uat.cbre.fr/
1112,https://ventes-total.cbre.fr/
1113,https://ventes-total.cbre.fr/#
1114,https://www.facadatabase.gov/FACA/s/HelpDesk
1115,https://www.facadatabase.gov/FACA/s/HelpDesk?nocache=https%3A%2F%2Fwww.facadatabase.gov%2FFACA%2Fs%2FHelpDesk
1116,https://www.facadatabase.gov/FACA/s/HelpDesk#mainContent
1117,https://www.facadatabase.gov/FACA/s/HelpDesk#
1118,https://www.facadatabase.gov/FACA/s/HelpDesk?nocache=https%3A%2F%2Fwww.facadatabase.gov%2FFACA%2Fs%2FHelpDesk%23mainContent
1119,https://www.facadatabase.gov/FACA/s/HelpDesk?nocache=https%3A%2F%2Fwww.facadatabase.gov%2FFACA%2Fs%2FHelpDesk%23
1120,https://www.fairs.reporting.gov/FAIRS/s/ContactSupport
1121,https://www.fairs.reporting.gov/FAIRS/s/ContactSupport?nocache=https%3A%2F%2Fwww.fairs.reporting.gov%2FFAIRS%2Fs%2FContactSupport
1122,https://www.fairs.reporting.gov/FAIRS/s/ContactSupport#mainContent
1123,https://www.fairs.reporting.gov/FAIRS/s/ContactSupport#
1124,https://www.fairs.reporting.gov/FAIRS/s/ContactSupport?nocache=https%3A%2F%2Fwww.fairs.reporting.gov%2FFAIRS%2Fs%2FContactSupport%23mainContent
1125,https://www.fairs.reporting.gov/FAIRS/s/ContactSupport?nocache=https%3A%2F%2Fwww.fairs.reporting.gov%2FFAIRS%2Fs%2FContactSupport%23
1126,https://www.property.reporting.gov/PPRT/s/ContactSupport
1127,https://www.property.reporting.gov/PPRT/s/ContactSupport?nocache=https%3A%2F%2Fwww.property.reporting.gov%2FPPRT%2Fs%2FContactSupport
1128,https://www.property.reporting.gov/PPRT/s/ContactSupport#mainContent
1129,https://www.property.reporting.gov/PPRT/s/ContactSupport#
1130,https://www.realpropertyprofile.gov/FRPPMS/s/contactus
1131,https://www.realpropertyprofile.gov/FRPPMS/s/contactus?nocache=https%3A%2F%2Fwww.realpropertyprofile.gov%2FFRPPMS%2Fs%2Fcontactus
1132,https://www.realpropertyprofile.gov/FRPPMS/s/contactus#mainContent
1133,https://www.realpropertyprofile.gov/FRPPMS/s/contactus#
1134,https://www.property.reporting.gov/PPRT/s/ContactSupport?nocache=https%3A%2F%2Fwww.property.reporting.gov%2FPPRT%2Fs%2FContactSupport%23mainContent
1135,https://www.property.reporting.gov/PPRT/s/ContactSupport?nocache=https%3A%2F%2Fwww.property.reporting.gov%2FPPRT%2Fs%2FContactSupport%23
1136,https://www.fairs.reporting.gov/FAIRS/s/ContactSupport
1137,https://www.property.reporting.gov/PPRT/s/ContactSupport
1138,https://www.realpropertyprofile.gov/FRPPMS/s/contactus?nocache=https%3A%2F%2Fwww.realpropertyprofile.gov%2FFRPPMS%2Fs%2Fcontactus%23mainContent
1139,https://www.realpropertyprofile.gov/FRPPMS/s/contactus?nocache=https%3A%2F%2Fwww.realpropertyprofile.gov%2FFRPPMS%2Fs%2Fcontactus%23
1140,https://www.travel.reporting.gov/TRAVEL/s/ContactSupport
1141,https://www.fairs.reporting.gov/FAIRS/s/ContactSupport?nocache=https%3A%2F%2Fwww.fairs.reporting.gov%2FFAIRS%2Fs%2FContactSupport
1142,https://www.fairs.reporting.gov/FAIRS/s/ContactSupport#mainContent
1143,https://www.fairs.reporting.gov/FAIRS/s/ContactSupport#
1144,https://www.property.reporting.gov/PPRT/s/ContactSupport?nocache=https%3A%2F%2Fwww.property.reporting.gov%2FPPRT%2Fs%2FContactSupport
1145,https://www.property.reporting.gov/PPRT/s/ContactSupport#mainContent
1146,https://www.property.reporting.gov/PPRT/s/ContactSupport#
1147,https://www.travel.reporting.gov/TRAVEL/s/ContactSupport?nocache=https%3A%2F%2Fwww.travel.reporting.gov%2FTRAVEL%2Fs%2FContactSupport
1148,https://www.travel.reporting.gov/TRAVEL/s/ContactSupport#mainContent
1149,https://www.travel.reporting.gov/TRAVEL/s/ContactSupport#
1150,https://www.travel.reporting.gov/TRAVEL/s/ContactSupport
1151,https://www.travel.reporting.gov/TRAVEL/s/ContactSupport?nocache=https%3A%2F%2Fwww.travel.reporting.gov%2FTRAVEL%2Fs%2FContactSupport
1152,https://www.fairs.reporting.gov/FAIRS/s/ContactSupport?nocache=https%3A%2F%2Fwww.fairs.reporting.gov%2FFAIRS%2Fs%2FContactSupport%23mainContent
1153,https://www.travel.reporting.gov/TRAVEL/s/ContactSupport#mainContent
1154,https://www.travel.reporting.gov/TRAVEL/s/ContactSupport#
1155,https://www.fairs.reporting.gov/FAIRS/s/ContactSupport?nocache=https%3A%2F%2Fwww.fairs.reporting.gov%2FFAIRS%2Fs%2FContactSupport%23
1156,https://www.property.reporting.gov/PPRT/s/ContactSupport?nocache=https%3A%2F%2Fwww.property.reporting.gov%2FPPRT%2Fs%2FContactSupport%23mainContent
1157,https://www.property.reporting.gov/PPRT/s/ContactSupport?nocache=https%3A%2F%2Fwww.property.reporting.gov%2FPPRT%2Fs%2FContactSupport%23
1158,https://www.travel.reporting.gov/TRAVEL/s/ContactSupport?nocache=https%3A%2F%2Fwww.travel.reporting.gov%2FTRAVEL%2Fs%2FContactSupport%23mainContent
1159,https://www.travel.reporting.gov/TRAVEL/s/ContactSupport?nocache=https%3A%2F%2Fwww.travel.reporting.gov%2FTRAVEL%2Fs%2FContactSupport%23
1160,https://www.travel.reporting.gov/TRAVEL/s/ContactSupport?nocache=https%3A%2F%2Fwww.travel.reporting.gov%2FTRAVEL%2Fs%2FContactSupport%23mainContent
1161,https://www.travel.reporting.gov/TRAVEL/s/ContactSupport?nocache=https%3A%2F%2Fwww.travel.reporting.gov%2FTRAVEL%2Fs%2FContactSupport%23
1162,https://docs.picsart.io/reference
1163,https://docs.picsart.io/reference/post_enhance-face
1164,https://docs.picsart.io/reference/post_adjust
1165,https://docs.picsart.io/reference/post_edit
1166,https://stripo.email/en/demo/?locale=en
1167,https://docs.picsart.io/reference/
1168,https://docs.picsart.io/reference/post_removebg
1169,https://docs.picsart.io/reference/post_removebg?_gl=1*1vslj8c*_ga*MzUwMDg1NjMzLjE2OTk4MDA2NDI.*_ga_1YEYPKBNL5*MTY5OTgwMjg4Ni4yLjEuMTY5OTgwMzU5OS42MC4wLjA.
1170,https://docs.picsart.io/reference/programmable-image-post_removebg
1171,https://docs.picsart.io/reference/post_removebg?_gl=1*1s77e8z*_ga*MzUwMDg1NjMzLjE2OTk4MDA2NDI.*_ga_1YEYPKBNL5*MTY5OTgwMjg4Ni4yLjEuMTY5OTgwMzU5OS42MC4wLjA.
1172,https://docs.picsart.io/reference/programmable-image-post_upscale
1173,https://docs.picsart.io/reference/post_upscale
1174,https://docs.picsart.io/reference/programmable-image-post_upscale-ultra
1175,https://docs.picsart.io/reference/programmable-image-post_upscale-enhance
1176,https://docs.picsart.io/reference/programmable-image-get_effects
1177,https://docs.picsart.io/reference/programmable-image-post_styletransfer
1178,https://docs.picsart.io/reference/programmable-image-post_background-texture
1179,https://docs.picsart.io/reference/programmable-image-post_vectorizer
1180,https://docs.picsart.io/reference/programmable-image-post_edit
1181,https://docs.picsart.io/reference/programmable-image-post_surfacemap
1182,https://docs.picsart.io/reference/programmable-video-post_effects
1183,https://docs.picsart.io/reference/programmable-video-post_trim
1184,https://docs.picsart.io/reference/programmable-video-post_concat
1185,https://docs.picsart.io/reference/genai-post_text2image
1186,https://docs.picsart.io/reference/post_painting-inpaint
1187,https://docs.picsart.io/reference/post_painting-outpaint
1188,https://docs.picsart.io/reference/genai-post_text2text-edits
1189,https://developer.ayoba.me/forum
1190,https://developer.ayoba.me/forum#
1191,https://developer.ayoba.me/forum/91
1192,https://developer.ayoba.me/forum/89
1193,https://developer.ayoba.me/forum/88
1194,https://developer.ayoba.me/forum/87
1195,https://developer.ayoba.me/forum/86
1196,https://developer.ayoba.me/forum/91#
1197,https://developer.ayoba.me/forum/89#
1198,https://developer.ayoba.me/forum/88#
1199,https://developer.ayoba.me/forum/87#
1200,https://developer.ayoba.me/forum/86#
1201,https://developer.ayoba.me/forum
1202,https://www.logitechclub.com/pages/logi-options
1203,https://testnet.bitmex.com/contact-corporate
1204,https://testnet.bitmex.com/contact
1205,https://community.databricks.com/t5/announcements/attention-databricks-academy-users-sso-implementation-incoming/td-p/68140
1206,https://community.databricks.com/t5/announcements/announcing-the-general-availability-of-databricks-asset-bundles/td-p/67224
1207,https://community.databricks.com/t5/summit-2024/register-now-and-save-50-on-training-at-data-ai-summit/td-p/67160
1208,https://community.databricks.com/t5/genai-insight-hub/how-to-successfully-build-genai-applications/td-p/66978
1209,https://community.databricks.com/t5/forums/postpage/choose-node/true/interaction-style/forum/override-styles/true
1210,https://community.databricks.com/t5/summit-2024/databricks-data-ai-summit-session-schedule-launch/td-p/68574
1211,https://community.databricks.com/t5/data-engineering/dlt-can-t-authenticate-with-kinesis-using-instance-profile/td-p/57307
1212,https://community.databricks.com/t5/data-engineering/connect-power-bi-desktop-semantic-model-output-to-databricks/td-p/68119
1213,https://community.databricks.com/t5/community-discussions/issues-with-runtime-15-1-15-2beta-in-shared-access-mode/td-p/68564
1214,https://community.databricks.com/t5/knowledge-sharing-hub/how-to-convert-txt-files-to-delta-tables/td-p/68563
1215,https://community.databricks.com/t5/certifications/free-voucher-for-data-engineer-associate-certification/td-p/68562
1216,https://community.databricks.com/t5/data-engineering/how-to-extend-free-trial-period-or-enter-free-startup-tier-to/td-p/68526
1217,https://community.databricks.com/t5/community-discussions/cluster-policy-type/td-p/68383
1218,https://community.databricks.com/t5/genai-insight-hub/real-testosil-review-2024-start-with-testosil/td-p/68551
1219,https://community.databricks.com/t5/community-discussions/databricks-workflow-jobs-run-is-taking-double-time-in-eu-region/td-p/68546
1220,https://community.databricks.com/t5/data-engineering/how-to-get-the-job-id-and-run-id-and-save-into-a-database/td-p/17631
1221,https://community.databricks.com/t5/community-discussions/how-to-pass-variables-to-a-python-file-job/td-p/47616
1222,https://community.databricks.com/t5/administration-architecture/terraform-for-databricks/td-p/67689
1223,https://community.databricks.com/t5/community-discussions/transpile-a-sql-script-into-pyspark-dataframe-api-equivalent/td-p/68532
1224,https://community.databricks.com/t5/announcements/meet-dbrx-the-new-standard-for-high-quality-llms/td-p/65322
1225,https://community.databricks.com/t5/certifications/not-received-unity-badge/m-p/64294
1226,https://community.databricks.com/t5/community-discussions/issue-with-private-pypi-mirror-package-dependencies-installation/m-p/67030
1227,https://community.databricks.com/t5/data-engineering/load-multiple-delta-tables-at-once-from-sql-server/m-p/36343
1228,https://community.databricks.com/t5/machine-learning/pyspark-streaming-optimization-we-need-to-focus-on/m-p/35464
1229,https://community.databricks.com/t5/training-offerings/training-on-developing-foundation-models/m-p/36039
1230,https://community.databricks.com/t5/certifications/minimize-the-risk-of-your-exam-getting-suspended-tip-1/m-p/44813#M356
1231,https://community.databricks.com/t5/certifications/minimize-the-chances-of-your-exam-getting-suspended-tip-2/m-p/45351#M365
1232,https://community.databricks.com/t5/certifications/minimize-the-chances-of-your-exam-getting-suspended-tip-3/m-p/45712#M379
1233,https://community.databricks.com/t5/certifications/suspended-exam-don-t-worry-our-support-team-can-help/m-p/44469#M352
1234,https://community.databricks.com/t5/forums/postpage/category-id/databricks-learning-discussion/choose-node/true
1235,https://community.databricks.com/t5/training-offerings/how-s-your-experience-with-the-data-ai-summit/td-p/35727
1236,https://community.databricks.com/t5/certifications/delay-in-receiving-databricks-champion-badge/td-p/68341
1237,https://community.databricks.com/t5/training-offerings/java-io-filenotfoundexception-wasbs-courseware-dbacademy-blob/td-p/67824
1238,https://community.databricks.com/t5/certifications/is-databricks-certified-data-engineer-associate-exam-difficult/td-p/68335
1239,https://community.databricks.com/t5/certifications/db-data-engineer-profession-exam-suspended-00469837/td-p/68111
1240,https://community.databricks.com/t5/certifications/temporary-tables-or-dataframes/td-p/67367
1241,https://community.databricks.com/t5/certifications/pratice-test-databricks-certification/td-p/67606
1242,https://community.databricks.com/t5/certifications/databricks-exam-got-suspended-need-urgent-help/td-p/40011
1243,https://community.databricks.com/t5/certifications/databricks-certification-exam-suspended-kindly-help-to/td-p/67324
1244,https://community.databricks.com/t5/certifications/system-table-refresh-time/td-p/67363
1245,https://community.databricks.com/t5/certifications/how-many-times-can-we-reschedule-exam/td-p/67203
1246,https://community.databricks.com/t5/certifications/databricks-certification-exam-suspended-kindly-help-to/td-p/67095
1247,https://community.databricks.com/t5/certifications/certification-exam-suspended/td-p/67091
1248,https://community.databricks.com/t5/certifications/setup-files-for-academy-course-get-started-with-data-engineering/td-p/57393
1249,https://community.databricks.com/t5/summit-2024/registration-now-open-databricks-data-ai-summit-2024/td-p/59994
1250,https://community.databricks.com/t5/forums/postpage/board-id/databricks-certification-discussion
1251,https://community.databricks.com/t5/certifications/free-voucher-or-75-off-voucher/td-p/3557
1252,https://community.databricks.com/t5/certifications/databricks-voucher/td-p/66544
1253,https://www.malwarebytes.com/blog/news/2024/03/the-att-breach-what-you-need-to-know
1254,https://www.capturingreality.com/Article-spar3d
1255,https://soporte.nvio.mx/support/tickets/new
1256,https://soporte.nvio.mx/support/tickets/new#
1257,https://soporte.nvio.mx/support/tickets/new#portal-cookie-info
1258,https://www.zendesk.com/employee-experience/
1259,https://www.cheapflights.com/flights/
1260,https://www.checkfelix.com/explore/
1261,https://www.cheapflights.com/flights/#
1262,https://firefly.adobe.com
1263,https://firefly.adobe.com/
1264,https://design.gitlab.com/get-started/lifecycle
1265,https://design.gitlab.com/product-foundations/illustration
1266,https://talent.moralis.io
1267,https://talent.moralis.io/cookie-policy
1268,https://talent.moralis.io/
1269,https://talent.moralis.io/departments
1270,https://talent.moralis.io/jobs
1271,https://talent.moralis.io/#jobs
1272,https://talent.moralis.io/jobs/4402867-platform-engineer
1273,https://talent.moralis.io/jobs/3721318-developer-relations-devrel-specialist
1274,https://talent.moralis.io/jobs/3590665-senior-backend-engineer-solana
1275,https://talent.moralis.io/jobs/1996217-qa-engineer
1276,https://talent.moralis.io/jobs/1918909-senior-backend-engineer
1277,https://talent.moralis.io/departments/engineering
1278,https://talent.moralis.io/departments/product-development
1279,https://talent.moralis.io/departments/design
1280,https://talent.moralis.io/departments/marketing
1281,https://talent.moralis.io/departments/sales
1282,https://talent.moralis.io/departments/people-talent
1283,https://talent.moralis.io/departments/finance
1284,https://talent.moralis.io/departments/support
1285,https://talent.moralis.io/#0
1286,https://talent.moralis.io/data-privacy
1287,https://talent.moralis.io/#
1288,https://talent.moralis.io/privacy-policy
1289,https://talent.moralis.io/departments#
1290,https://talent.moralis.io/jobs#
1291,https://talent.moralis.io/cookie_policy
1292,https://talent.moralis.io/jobs/4402867-platform-engineer#
1293,https://talent.moralis.io/jobs/3721318-developer-relations-devrel-specialist#
1294,https://talent.moralis.io/jobs/3590665-senior-backend-engineer-solana#
1295,https://talent.moralis.io/jobs/1996217-qa-engineer#
1296,https://talent.moralis.io/jobs/1918909-senior-backend-engineer#
1297,https://talent.moralis.io/jobs?department_id=121329
1298,https://talent.moralis.io/departments/engineering#
1299,https://talent.moralis.io/departments/product-development#
1300,https://talent.moralis.io/departments/design#
1301,https://talent.moralis.io/jobs?department_id=121328
1302,https://talent.moralis.io/departments/marketing#
1303,https://talent.moralis.io/departments/sales-and-success#
1304,https://talent.moralis.io/departments/people-talent#
1305,https://talent.moralis.io/departments/finance#
1306,https://talent.moralis.io/departments/support#
1307,https://talent.moralis.io/data_request
1308,https://talent.moralis.io/request_removal
1309,https://talent.moralis.io/jobs?department_id=121329#
1310,https://talent.moralis.io/jobs?department_id=121328#
1311,https://docs.truelayer.com/docs/payment-result-screen
1312,https://docs.truelayer.com/reference/generateaccesstoken
1313,https://docs.truelayer.com/reference/deletecredential
1314,https://docs.truelayer.com/reference/generatedebugid
1315,https://docs.truelayer.com/reference/deletedebugid
1316,https://docs.truelayer.com/reference/create-payment
1317,https://docs.truelayer.com/reference/start-payment-authorization-flow
1318,https://docs.truelayer.com/reference/submit-provider-selection
1319,https://docs.truelayer.com/reference/submit-scheme-selection
1320,https://docs.truelayer.com/reference/submit-form
1321,https://docs.truelayer.com/reference/submit-consent
1322,https://docs.truelayer.com/reference/cancel-payment
1323,https://docs.truelayer.com/reference/get-payment-1
1324,https://docs.truelayer.com/reference/create-payment-refund
1325,https://docs.truelayer.com/reference/get-payment-refunds
1326,https://docs.truelayer.com/reference/get-payment-refund
1327,https://docs.truelayer.com/reference/create-payment-link
1328,https://docs.truelayer.com/reference/get-payment-link
1329,https://docs.truelayer.com/reference/search-payment-providers
1330,https://docs.truelayer.com/reference/get-payment-provider
1331,https://docs.truelayer.com/reference/create-payout
1332,https://docs.truelayer.com/reference/get-payout
1333,https://docs.truelayer.com/reference/list-operating-accounts
1334,https://docs.truelayer.com/reference/get-operating-account
1335,https://docs.truelayer.com/reference/merchant-account-get-transactions
1336,https://docs.truelayer.com/reference/merchant-account-setup-sweeping
1337,https://docs.truelayer.com/docs/deposit-guidelines
1338,https://docs.truelayer.com/reference/merchant-account-disable-sweeping
1339,https://docs.truelayer.com/reference/merchant-account-get-sweeping
1340,https://docs.truelayer.com/reference/get-merchant-account-payment-sources
1341,https://docs.truelayer.com/reference/create-mandate
1342,https://docs.truelayer.com/reference/list-mandate
1343,https://docs.truelayer.com/reference/get-mandate
1344,https://docs.truelayer.com/reference/start-mandate-authorization-flow
1345,https://docs.truelayer.com/reference/submit-consent-mandate
1346,https://docs.truelayer.com/reference/submit-mandate-provider-selection
1347,https://docs.truelayer.com/reference/revoke-mandate
1348,https://docs.truelayer.com/reference/confirm-mandate-funds
1349,https://docs.truelayer.com/reference/get-constraints
1350,https://docs.truelayer.com/reference/submit-payments-provider-return-parameters
1351,https://docs.truelayer.com/reference/getme
1352,https://docs.truelayer.com/reference/getinfo
1353,https://docs.truelayer.com/reference/getaccounts
1354,https://careers.voi.com/
1355,https://careers.voi.com/jobs
1356,https://careers.voi.com/cookie-policy
1357,https://careers.voi.com/departments
1358,https://careers.voi.com/posts
1359,https://careers.voi.com/pages/our-values
1360,https://careers.voi.com/pages/our-leadership-principles
1361,https://careers.voi.com/people
1362,https://careers.voi.com/locations
1363,https://careers.voi.com/#jobs
1364,https://careers.voi.com/departments/research-development
1365,https://careers.voi.com/departments/fleet-operations
1366,https://careers.voi.com/departments/business-operations
1367,https://careers.voi.com/posts/employeevoices-fleet-manager-ea35a0cd-00b9-4f3c-b820-24a3b022452f
1368,https://careers.voi.com/posts/employeevoices-senior-backend-engineer
1369,https://careers.voi.com/posts/employeevoices-data-platform-engineer
1370,https://careers.voi.com/en-GB/pages/our-values
1371,https://careers.voi.com/jobs/4458057-driver-with-mechanical-experience
1372,https://careers.voi.com/jobs/4457895-mechanicker-mechanic-m-f-d
1373,https://careers.voi.com/jobs/4457890-senior-operations-manager
1374,https://careers.voi.com/jobs/4456951-fahrer-driver-m-f-d
1375,https://careers.voi.com/jobs/4443521-working-student-werkstudent-warehouse-operative-m-f-d-uefa-bochum
1376,https://careers.voi.com/jobs/4437901-fahrer-driver-quereinsteiger-m-w-d
1377,https://careers.voi.com/jobs/4437732-mechaniker-mechanic-m-f-d
1378,https://careers.voi.com/jobs/4437720-werkstudent-warehouse-operative-m-f-d-uefa-stuttgart
1379,https://careers.voi.com/jobs/4437312-werkstudent-warehouse-operative-m-f-d-uefa-monheim
1380,https://careers.voi.com/data-privacy
1381,https://careers.voi.com/locations/munich
1382,https://careers.voi.com/locations/frankfurt
1383,https://careers.voi.com/locations/london-warehouse
1384,https://careers.voi.com/locations/brussels
1385,https://careers.voi.com/locations/seville
1386,https://careers.voi.com/locations/malaga
1387,https://www.cyber.gouv.qc.ca/signalements/signalement-vulnerabilites/formulaire
1388,https://www.cyber.gouv.qc.ca/en/report/vulnerability-report-platform/form